videoId,reason,guessedName,guessedAddress,title,publishedAt
hG0c_XjeNXQ,店の回ではなさそう,,,ファミマから発売したSUSURU監修ラーメンはしょっぱいのか？,2026-10-04T09:53:18Z
szwF32I7O-w,店名が分からない,,東京都杉並区高円寺南1-12-2,【前代未聞】7日で25杯食った男のヤバいラーメンフェスに密着。をすする 【飯テロ】SUSURU TV.第3957回,2026-10-04T09:30:23Z
8Z7NYJfxOfs,店名が分からない,,千葉県東金市田間554-3,【千葉】ほんとお前はニワカだよな。ここ行ってなかったの？未訪問のお店を食べ歩く、千葉ラーメンハシゴ旅。をすする【飯テロ】SUSURU TV.第3956回,2026-10-03T09:30:07Z
7tWfo6DoM2c,店の回ではなさそう,,,【二郎系】セブンの「G系ラーメンの上だけ」食ったら衝撃の事実が発覚した,2026-10-02T09:53:22Z
tOQ3Bel9rsk,店の回ではなさそう,,,王道家清水社長の件について,2026-09-30T09:54:05Z
NXzcqkmC1lU,店名が分からない,,東京都杉並区高円寺南1-12-2,【激辛】コンビニで買える激辛ラーメンがうまいらしいけど正直どうなの？【飯テロ】SUSURU TV.第3953回,2026-09-30T09:30:29Z
lrJH4F0ZV38,店名が分からない,,東京都杉並区高円寺南1-12-2,ファミマさんがまたやりました【北ノ醤油チーホー発売】,2026-09-29T09:30:01Z
AdyOVHE2fl8,店の回ではなさそう,,,初めての町中華で感じた違和感の正体,2026-09-27T09:54:39Z
zKJ-8j5u4E0,店名が分からない,,宮城県仙台市宮城野区中野出花西15-1,【仙台二郎】移転した仙台へ！そして仙台食べ歩き。をすする 【飯テロ】SUSURU TV.第3950回,2026-09-27T09:30:38Z
eX0kdhjrMTg,店名が分からない,,福岡県福岡市早良区田隈1-10-7,【コスパの鬼】やっぱ福岡強ぇわ。全店舗一杯600円台のガチ豚骨を３軒連続で食らい尽くす。をすする【飯テロ】SUSURU TV.第3949回,2026-09-26T09:30:11Z
katCaoC1LoU,店の回ではなさそう,,,ラーメン店主SUSURUのVlog,2026-09-25T09:54:52Z
SB1IVeIuhVw,店の回ではなさそう,,,チェーン店で一番好きなメニューのリアル,2026-09-23T09:57:59Z
F8LwDUiS-NE,店名が分からない,,東京都板橋区前野町4-58-10,【取材NG】レジェンド名店についに訪問！撮影拒否の真相にも迫ります。中華ソバ 伊吹【飯テロ】SUSURU TV.第3945回,2026-09-22T09:30:12Z
AZzfo0I0D_k,店の回ではなさそう,,,行きつけの町中華でちょっと嬉しい瞬間,2026-09-21T09:58:53Z
1fX7HggkFSs,店の回ではなさそう,,,河野玄斗にラーメンアキネーターを仕掛けた結果・・,2026-09-19T09:55:36Z
23YLgtyHuZE,店名が分からない,,東京都中央区八重洲1-6-1,【六厘舎】東京つけ麺の代表「六厘舎」の新ブランドに行ってみたら… 参厘舎 トフロム八重洲店【飯テロ】SUSURU TV.第3940回,2026-09-17T09:30:16Z
H2epsi7zfjg,店の回ではなさそう,,,〇〇には何が入る？,2026-09-16T09:52:57Z
GYA9W4neWAE,店名が分からない,,東京都板橋区坂下2-16-11,【激ウマ】もうこれ天才だろ。どのメニュー食ってもうまい塩の魔術師がヤバすぎる。をすする【飯テロ】 SUSURU TV.第3938回,2026-09-15T09:30:36Z
duNiukKlQFg,店の回ではなさそう,,,10年以上毎日ラーメン食う男のリアル,2026-09-13T09:54:17Z
vweljFwOR_I,店名が分からない,,栃木県佐野市赤坂町953-11,【官僚回】ラーメン官僚と巡る「佐野ラーメン」限定でハシゴする連食ツアー をすする 【飯テロ】SUSURU TV.第3936回,2026-09-13T09:30:00Z
COLBU-QqFO8,店の回ではなさそう,,,コムドットやまとにガチギレされたwww,2026-09-11T09:53:16Z
cYCO8vgxumI,店名が分からない,,東京都西東京市柳沢2-7-1,今まで1番通い詰めた東京とんこつラーメンと油そば。コムドットやまとが来てくれました。,2026-09-11T09:30:22Z
EXCxzPvZDsw,店の回ではなさそう,,,SUSURUの食生活1週間のリアル,2026-09-09T09:52:23Z
DCkziZivdF8,店名が分からない,,京都府京田辺市水取浄楽38-1,【すみれ味噌】名店すみれで8年修行したガチ仕様の札幌味噌を食らう。をすする【飯テロ】SUSURU TV.第3931回,2026-09-08T09:30:09Z
lCzeTb8tj5U,店名が分からない,,宮城県仙台市青葉区上杉2-9-21,【食べ歩き】仙台出身・ジロリアン陸さんと巡る、仙台ラーメンはしごツアー。をすする【飯テロ】SUSURU TV.第3930回,2026-09-07T09:30:21Z
O3IAeouFCpo,店の回ではなさそう,,,【ラーメン二郎】大盛りが15分以内限定になった件,2026-09-05T10:03:18Z
M8YAunPQuw8,店名が分からない,,東京都杉並区高円寺南1-12-2,ラーメン店主にガチギレされました。,2026-09-04T09:30:05Z
xw9SppCPAZc,店の回ではなさそう,,,ラーメン二郎のNG行動,2026-09-03T09:57:45Z
xZGP4sD9qKo,店の回ではなさそう,,,SUSURUのチーホーで無茶なコールした結果…,2026-09-01T09:59:34Z
kB1jg_QV_Jg,店名が分からない,,京都府京都市中京区高倉通二条西入松屋町53-2,【食べ歩き】ここでしか食えない唯一無二なラーメンを3軒はしごするツアー。をすする【飯テロ】SUSURU TV.第3924回,2026-09-01T09:30:10Z
pyUPov0cdc8,店名が分からない,,東京都杉並区高円寺南1-12-2,【ローソン】実際どうなの？すすったことなかったコンビニ冷凍麺をガチレビューします。【飯テロ】SUSURU TV.第3923回,2026-08-31T09:30:00Z
u0esufveSI0,店の回ではなさそう,,,油そば頼む奴は味音痴のバカ,2026-08-30T10:00:38Z
xzSV3jVIW8I,店名が分からない,,千葉県市原市白金町4-10,【家系】有名ラーメン店主と巡る食べ歩きの旅！老舗チェーン店&クラシック家系を思う存分すするツアー。をすする【家系】SUSURU TV.第3922回,2026-08-30T09:30:03Z
xK7QFoaSkUM,店名が分からない,,東京都杉並区高円寺南1-12-2,新宿に出店しました。,2026-08-29T09:30:15Z
YpES1lB2vmc,店の回ではなさそう,,,【正直レビュー】しょっぱすぎると話題のセブン新商品「冷やしコショウそば」を検証,2026-08-28T09:52:23Z
pQu4x_OMzYg,店名が分からない,,東京都杉並区高円寺南1-12-2,【セブン】味が濃すぎる、しょっぱいと話題のこれについて,2026-08-28T09:30:01Z
fseo7kcli-Q,店名が分からない,,静岡県浜松市中央区千歳町101,"【豚骨醤油】こういうの""が""いいんだよ。週7で通いたいソウルフード豚骨ラーメン。をすする【飯テロ】SUSURU TV.第3918回",2026-08-26T09:30:26Z
rQMc6z-nwok,店名が分からない,,栃木県宇都宮市天神1-2-14,【必見】食べログNo.1店主の休日食べ歩きに密着してみた結果‥,2026-08-25T09:30:10Z
MG_6IbskuYU,店の回ではなさそう,,,思ってたのと逆の奴が受かるバイト面接,2026-08-24T09:55:36Z
dQRyFUM7nbk,店名が分からない,,山形県鶴岡市末広町29-20,【食べ歩き】ここも行ってなかったってマジ？山形県食べ歩きツアー後編。をすする【飯テロ】SUSURU TV.第3916回,2026-08-24T09:30:28Z
eRfmMW1jAFk,店の回ではなさそう,,,【アキネーター】２つ同時に出題してみた結果・・,2026-08-21T09:56:01Z
CToYBjpjMeg,店名が分からない,,東京都杉並区高円寺南1-12-2,【味覚矯正プログラム】1人前食堂にバグった味覚をリセットしてもらう。,2026-08-21T09:30:09Z
Zi8HC9GcKnA,店の回ではなさそう,,,◯◯メン←◯◯には何が入る？,2026-08-18T09:54:40Z
9ffQysB_lVk,店名が分からない,,山形県米沢市大字長手1153,【食べ歩き】SUSURUまだ行ってなかったの？未訪問だった山形県の名店を食べ歩き。をすする【飯テロ】SUSURU TV.第3909回,2026-08-17T09:30:26Z
40jhBeNmauc,店名が分からない,,東京都千代田区神田三崎町2-16-10,チーホーにタキヒサコンビが来てくれました。,2026-08-16T09:30:22Z
4pFagv1Q8uA,店の回ではなさそう,,,魁力屋を10倍うまくする方法,2026-08-15T09:54:33Z
U152HXzqvq8,店の回ではなさそう,,,富士山の山頂で食べるカップヌードルは美味いのか検証した,2026-08-13T09:55:56Z
PtlzKr4EZEo,店名が分からない,,福島県福島市小倉寺字敷ヶ森16-1,【食べ歩き】もう止められない。本物の毎日ラーメン生活を見せましょう。をすする【飯テロ】SUSURU TV.第3905回,2026-08-13T09:30:23Z
O0Xpuxv1lT0,店の回ではなさそう,,,ショートススリーパーでキレるSUSURU,2026-08-10T09:55:47Z
b5hbomyDJIc,店名が分からない,,東京都杉並区高円寺南1-12-2,富士山の山頂で食べるカップラーメンはうまいのか？,2026-08-09T09:30:24Z
aMshBR36AzM,店の回ではなさそう,,,【みそきん】新作カレーみそきん忖度なしでレビューします,2026-08-08T09:57:22Z
OxPu83uFSXg,店の回ではなさそう,,,【年代別】ラーメンの値段への反応の違い,2026-08-05T09:55:12Z
8XHump0ByQ8,店の回ではなさそう,,,夏に町中華へ行った,2026-08-03T10:05:28Z
BmxpNPgD3b4,店の回ではなさそう,,,SUSURU TV.登録者数200万人を突破するまでラーメンをすすり続ける生配信,2026-08-02T04:36:11Z
_ouEkt9HdOw,店名が分からない,,東京都八王子市東町1-18,【神奈川】年間700杯越え男が震えた名店しか行かない24時間ラーメン旅。をすする【飯テロ】SUSURU TV.第3893回,2026-08-01T09:30:12Z
alimDa8PuRw,店の回ではなさそう,,,【うまかっちゃん】インスタント最強豚骨を全種類食って格付けしてみた。,2026-07-31T09:53:13Z
EYfqNQTaJas,店名が分からない,,東京都杉並区高円寺南1-12-2,【みそきん】新たに登場したカップ麺「カレーみそきん」を忖度無しでガチレビュー。【飯テロ】SUSURU TV.第3892回,2026-07-31T09:30:10Z
6Gq9zD2ZYpc,店の回ではなさそう,,,ラーメンの知識を間違えると即落とされるバイト面接,2026-07-29T09:56:39Z
-kRU1g8yOXw,店の回ではなさそう,,,【冷やし豚無双】「しょっぱい」の声に正直に言います,2026-07-27T09:53:00Z
IRfUYURQ-Tw,店名が分からない,,福島県郡山市台新1-176-4,【食べ歩き】お前ニワカだろ。10年やっててここも行ってなかったのかよ、いい加減にしろ。をすする【飯テロ】SUSURU TV.第3886回,2026-07-25T09:30:09Z
Mdsm00C3L2c,店の回ではなさそう,,,【都道府県別】ラーメンの頼み方の違い,2026-07-24T09:54:27Z
_2_nBQgbZl0,店の回ではなさそう,,,毎日ラーメン健康生活をパクる女子うに子にブチギレた結果・・,2026-07-22T10:02:21Z
cKdBHMNCLHo,店名が分からない,,東京都杉並区高円寺南1-12-2,ファミマさん、やってしまいましたね【冷やし濃厚とんこつ豚無双】,2026-07-21T09:30:33Z
E5rWPrjb_dI,店の回ではなさそう,,,【ドッキリ】カップヌードルが水だけで食べられるってマジで？#pr #冷水専用冷しカップヌードル #日清食品,2026-07-20T09:56:04Z
cOkXdNtY6A4,店名が分からない,,東京都豊島区駒込1-16-10,【激怒】毎日ラーメン健康生活をパクる女子に先輩風吹かせに行ってみた結果。をすする　SUSURU TV.第3881回,2026-07-20T09:30:33Z
jP_F3Sagg8Y,店名が分からない,,東京都千代田区神田三崎町2-16-10,【西の汁なし】年間700杯超えのラーメン官僚＆汁なしマニア声優にSUSURUによる新たな油そばすすってもらった結果…をすする【飯テロ】SUSURU TV.第3880回,2026-07-19T09:30:17Z
DYKlprzxr1w,店名が分からない,,福島県白河市二番町6,【無限ラーメン】1日ラーメンをすすり続ける連食はしご旅企画。ご当地ラーメンの魅力に迫ります。をすする【飯テロ】SUSURU TV.第3879回,2026-07-18T09:30:03Z
WWLnzehJzec,店の回ではなさそう,,,ラーメンの画像はSNSにいらない,2026-07-17T09:57:06Z
lMh1lPEEBYQ,店の回ではなさそう,,,行きつけの町中華で起こった勘違い,2026-07-15T09:55:14Z
14x3TAa7_ss,店の回ではなさそう,,,【びわ湖くん】SUSURUが出したラーメンを忖度無しでレビューされた結果・・,2026-07-13T09:53:52Z
vFkRCpw3BOc,店名が分からない,,東京都港区赤坂3-13-4,【びわ湖くん】SUSURU監修のラーメンはまずいのか？,2026-07-12T09:30:17Z
UWQLApTMToI,店の回ではなさそう,,,ダイアン津田さんオススメのラーメン店に行ってみた結果・・,2026-07-11T09:58:40Z
5pvJmHE8k7g,店名が分からない,,東京都杉並区高円寺南1-12-2,【事件】ダウンタウンから吉本興業に呼び出されました,2026-07-10T09:30:05Z
O6oKObR441k,店の回ではなさそう,,,LINEで「〇〇たい」とか言われた時の正しい返し方,2026-07-08T09:58:39Z
c9d_io7PUr0,店の回ではなさそう,,,【職業別】ラーメンの食べ方の違い,2026-07-06T09:56:03Z
l5vP0J3Dd8s,店名が分からない,,東京都港区芝5-25-9,【牛丼】すき家のラーメンは実際どうなの？正直レビューします。【飯テロ】SUSURU TV.第3866回,2026-07-05T09:30:26Z
wTz2W40YQhw,店名が分からない,,東京都杉並区高円寺南1-12-2,【セブン】豚ラーメンスープと極太麺本当にうまいの？ネットでうまいと言われてるレシピを試してみた結果‥,2026-07-04T09:30:20Z
-MXUHYGTJiE,店の回ではなさそう,,,ラーメン店に行って本当に緊張する瞬間5選,2026-07-03T09:57:03Z
3z1zf36I0f4,店名が分からない,,神奈川県相模原市南区鵜野森1-24-9,これじゃあダメだろ。本気で立て直します。,2026-07-02T09:30:04Z
REQSNgkEqMI,店の回ではなさそう,,,すき家が出したラーメンはウマいのかガチで検証した,2026-07-01T09:54:38Z
PHcjXkaJEvs,店名が分からない,,東京都杉並区高円寺南1-12-2,【歴史を刻め】気になるコンビニ汁なし３種類を食ってみる,2026-06-30T09:30:36Z
XjiL0yUOY4k,店の回ではなさそう,,,初めてラーメン二郎行って驚くこと3選,2026-06-29T09:58:54Z
kpPEa9NmSXE,店名が分からない,,東京都千代田区内神田2-13-4,【朗報】東京屈指の名店が都心のビジネス街に出店！濃厚なのにノンストップですすれる極上中華蕎麦。 神田煮干中華蕎麦まいまい【飯テロ】SUSURU TV.第3860回,2026-06-29T09:30:15Z
FwUu1f6ywFA,店の回ではなさそう,,,【二郎系】Xでバズったセブンの豚ラーメンアレンジはウマいのか？,2026-06-27T09:52:59Z
Qubon8P2pXA,店の回ではなさそう,,,ラーメンに海苔は要らない,2026-06-24T10:11:16Z
AuRmtcDp-nQ,店名が分からない,,東京都杉並区高円寺南1-12-2,【自作ラーメン研究会】1時間で作れるレベルじゃねぇ！自宅で作る昆布水つけ麺のクオリティが想像を超えてきた。をすする【飯テロ】SUSURU TV.第3855回,2026-06-24T09:30:39Z
ZLr4GfP4Y68,店の回ではなさそう,,,ラーメンにマジで詳しくないと落とされるバイト面接,2026-06-22T09:52:43Z
zw-Y5_32HLk,店名が分からない,,茨城県つくば市天久保3-8-1,【つくば】SUSURUによるラーメン店「北ノ醤油チーホー」、２号店がオープンしました。SUSURU TV.第3852回,2026-06-21T09:30:12Z
YpMcsb1sYFc,店の回ではなさそう,,,行きつけの町中華で突如起きた大変化,2026-06-19T10:01:26Z
K-pn5CCutVA,店名が分からない,,東京都葛飾区東立石3-11-6,【スタミナ】そのインパクト、ヘビー級。ノーマークだった新店の限定メニューがやばい。豚そば 豚めし 豚魂【飯テロ】SUSURU TV.第3848回,2026-06-17T09:30:29Z
HYBuhDDZTNA,店の回ではなさそう,,,【山岡家】ドンキで売ってる山岡家のラーメンガチレビューします,2026-06-16T09:53:25Z
YTOemhDgomk,店名が分からない,,神奈川県横浜市港北区新横浜2-14-21,【最高級】1杯2800円のラーメンに大行列。厳選食材をこれでもかと使った最強ラーメンをガチレビュー。ロックンスリー【飯テロ】SUSURU TV.第3847回,2026-06-16T09:30:04Z
W5n1t2fPLlY,店の回ではなさそう,,,ラーメン店みたいに美容院行く人,2026-06-14T10:04:49Z
8uFmcT4Edfg,店名が分からない,,東京都杉並区高円寺南1-12-2,油そばを本気で作る,2026-06-14T09:30:23Z
tRUiB0caZV8,店名が分からない,,千葉県富津市竹岡92,【千葉】竹岡式、家系、ラーショ。はじめての千葉ならここへ行け。最強の名店を食い尽くす。をすする【飯テロ】SUSURU TV.第3844回,2026-06-13T09:30:09Z
hgOGa4NeCvc,店名が分からない,,青森県弘前市川合浅田27-1,【名店はしご旅】この２軒は間違いないぞ。数十年続く最強の名店を連続ではしごして贅沢食い。をすする【飯テロ】SUSURU TV.第3843回,2026-06-12T09:30:32Z
HcYQceeKruk,店の回ではなさそう,,,【時間別】初めてのラーメン二郎,2026-06-11T09:56:28Z
RWKD20uU8WE,店の回ではなさそう,,,行きつけの町中華で衝撃的だった出来事,2026-06-09T09:56:16Z
2yJlFt3KuQY,店名が分からない,,青森県青森市松原1-14-6,【青森】老舗食堂の一杯＆ソウルフード的味噌ラーメンをハシゴする青森ラーメン食べ歩き。をすする 【飯テロ】SUSURU TV.第3840回,2026-06-09T09:30:01Z
HZilU7LhOwc,店の回ではなさそう,,,【二郎系】バーミヤンの新作二郎系ラーメンはウマいのか検証した,2026-06-07T09:54:21Z
RVFYGVbsq38,店名が分からない,,茨城県つくば市筑穂1-1-13,【茨城】年間700杯超えのラーメン官僚＆汁なしマニア声優と巡る、茨城汁なしツアー。をすする  SUSURU TV.第3838回,2026-06-07T09:30:29Z
dnB2EmX4xcI,店名が分からない,,茨城県つくば市小野崎127-1,山岡家の事務所に突撃します,2026-06-05T09:30:13Z
5ze83QjprcM,店の回ではなさそう,,,ホリエモンのラーメンをまずいと言った件,2026-06-04T09:55:38Z
qS9JOMuYo5c,店の回ではなさそう,,,ラーメン二郎で絶対にやってはいけないNG行動,2026-06-02T10:15:21Z
1IP07-tHsPw,店の回ではなさそう,,,【山岡家】ガチで山岡家が超ウマくなる禁断の方法を教えます。,2026-05-31T09:53:40Z
LegPJAYPFAY,店名が分からない,,東京都杉並区高円寺南1-12-2,【セブンイレブン】正直に言います。中華そばとみ田コラボ豚まぜ麺はどうなの？食べてみた。をすする　SUSURU TV.第3831回,2026-05-31T09:30:07Z
vRtZLrzV4b8,店名が分からない,,栃木県下都賀郡野木町丸林408-1,【食べ手】ラーメンヲタクが作るラーメンって美味しいの？しょっぱい初めての煮干しラーメンをすする　SUSURU TV.第3830回,2026-05-30T09:30:16Z
cSkU6VkO6r0,店の回ではなさそう,,,替え玉無料サービスの思わぬ落とし穴,2026-05-28T09:59:02Z
gc26KQumPYM,店名が分からない,,東京都杉並区高円寺南1-12-2,みなさん、本当にありがとうございました。,2026-05-27T03:00:25Z
H7yZDKO--Nk,店の回ではなさそう,,,【神コスパ】一杯630円の激ウマ油そばを都心ですすれるので特別に教えます,2026-05-26T10:09:30Z
gOyr3x-uCXk,店の回ではなさそう,,,SUSURUのラーメン店がブラック過ぎて激痩せしてる件,2026-05-24T10:05:54Z
SLXczlM0Bjo,店の回ではなさそう,,,無愛想だけどプロ意識を感じる家系ラーメンすすり屋の者 @NannOku-Kounenn,2026-05-22T09:55:34Z
gajwtWYtrmY,店名が分からない,,東京都杉並区高円寺南1-12-2,黒烏龍茶がラーメン店をオープンしたらしい。これは問題作だろ。ガチレビューします。,2026-05-21T09:30:09Z
tPZhETDohb8,店の回ではなさそう,,,本物のラーメン好きじゃないと落とされるバイト面接,2026-05-20T10:03:02Z
TLwX_oBkwus,店名が分からない,,東京都杉並区高円寺南1-12-2,セブンの濃厚G系810gはうまいのか？,2026-05-19T09:30:24Z
ANAYDgu0uEw,店の回ではなさそう,,,たまげたなあ！セブンの濃厚G系野獣gはうまいのか？,2026-05-18T09:55:09Z
8Lvc06U2PZ4,店名が分からない,,東京都豊島区巣鴨4-24-6,【山手線】都内の穴場店をラーメン官僚と共に6軒回る激熱ツアー開幕。をすする【飯テロ】SUSURU TV.第3816回,2026-05-16T09:30:09Z
fpbcZyNhh9g,店名が分からない,,東京都台東区浅草2-22-8,高い、不味い、味が薄い。こめおのラーメン、実際どうなの？,2026-05-15T09:30:16Z
735XYaSmlyI,店の回ではなさそう,,,【評価最悪】こめおのラーメンの正直な感想,2026-05-14T10:01:53Z
Y5wcpK9VClA,店の回ではなさそう,,,そんなことある？油そば店の店主に言われた衝撃的な言葉,2026-05-11T09:57:24Z
Pzh8GlT_Ows,店の回ではなさそう,,,ラーメン店でラーメン食べる時あるある,2026-05-09T09:58:00Z
EtEReuIFC9I,店の回ではなさそう,,,カップ麺好きじゃないと落とされるバイト面接,2026-05-07T09:54:37Z
eO-0iZ0Ftk8,店の回ではなさそう,,,家系ラーメンで経験すること5選,2026-05-04T09:55:05Z
hvLhQY06tGA,店名が分からない,,東京都杉並区高円寺南1-12-2,【自作ラーメン研究会】“ちゃん系”を自宅で作る神テクニックがヤバい。をすする【飯テロ】SUSURU TV.第3804回,2026-05-04T09:30:32Z
zi6Jsj-dxAU,店の回ではなさそう,,,【家系】吉村家のランチパックを実際に食べてみた結果,2026-05-02T10:02:00Z
WNDMHdY8iH8,店名が分からない,,東京都杉並区高円寺南1-12-2,【超激安】爆安スーパートライアルの激安ラーメンはうまいのか？全種類買ってみた。をすする【飯テロ】SUSURU TV.第3801回,2026-05-01T09:30:30Z
k-8V9paMa_s,店の回ではなさそう,,,本物のラーメンオタクじゃないと落とされるバイト面接,2026-04-28T09:53:18Z
an7ndZ2Uxo0,店の回ではなさそう,,,行きつけの町中華で起こった事件,2026-04-26T09:59:26Z
VGbkrPikyPM,店名が分からない,,東京都杉並区阿佐谷北1-45-10,【東京】年間700杯超えラーメンオタク＆汁なしマニア声優と共に都内の激ウマ汁なしを食いまくり。をすする【飯テロ】SUSURU TV.第3796回,2026-04-26T09:30:25Z
dTQSR-fAkOc,店の回ではなさそう,,,初めて二郎系ラーメン行って驚くこと３選,2026-04-24T09:55:20Z
rLyh3Z66NPE,店名が分からない,,東京都千代田区神田三崎町2-16-10,店主から、言わせてほしいことがあります。,2026-04-24T09:30:35Z
aFaPFTjYwN0,店名が分からない,,東京都杉並区高円寺南1-12-2,【カップ麺研究家】この世の全てのカップ麺を食った男のベストオブカップ麺ランキング,2026-04-23T09:30:00Z
zANmU323BpU,店の回ではなさそう,,,鬼茶をガチレビューする,2026-04-22T10:02:09Z
qPgmitJX0FM,店の回ではなさそう,,,毎日ラーメンすすってないと落とされるバイト面接,2026-04-19T09:54:50Z
fP8-jye8N1I,店名が分からない,,東京都杉並区高円寺南1-12-2,【二郎系】合計11杯。SUSURUが厳選した最強店舗によるラーメンフェスの全貌を全て見せます。をすする【家系】SUSURU TV.第3788回,2026-04-18T09:30:32Z
x6YMYC3aLGw,店の回ではなさそう,,,リュウジのサッポロ一番ニンニクドカ盛りラーメンうめえのか？,2026-04-16T09:54:44Z
P6rc9figINE,店の回ではなさそう,,,ラーメン店が先にライスを出す理由,2026-04-14T09:54:41Z
OveFABXgNxg,店名が分からない,,東京都目黒区五本木2-53-8,【老舗東京】『スープは全部飲んで下さい』絶対に完飲しなければならないお店に初訪問してみた。をすする【飯テロ】SUSURU TV.第3783回,2026-04-13T09:30:20Z
2xLUdVFbwDo,店の回ではなさそう,,,行きつけの町中華で実際に起こったこと,2026-04-11T09:54:37Z
aQzWzHPJNs8,店の回ではなさそう,,,コンビニ vs 二郎系ラーメン,2026-04-08T09:56:00Z
VdPMi74lGe0,店の回ではなさそう,,,【激安】日本一安いスーパーで40円のラーメン買ったのでガチレビューします,2026-04-06T09:56:02Z
dSk80r5PsT4,店名が分からない,,東京都港区三田3-1-2,【家系】「ラーメン二郎」の目の前にある家系ラーメン店に10年越しに行ってみた 武源家 SUSURU TV.第3776回,2026-04-06T09:30:20Z
JyYNMHOZB24,店の回ではなさそう,,,家系ラーメン好きじゃないと落とされるバイト面接 @masakino_jinseiha_tanoshii,2026-04-03T10:02:29Z
9H1ThU717Yo,店の回ではなさそう,,,ついに開店。北ノ醤油チーホー,2026-04-01T09:57:35Z
gbsfoXlt6HA,店名が分からない,,東京都千代田区神田三崎町2-16-10,北ノ醤油チーホー、オープンしました。,2026-04-01T09:30:00Z
1VvsuvnfmMo,店名が分からない,,東京都江戸川区平井3-30-35,【セブンイレブン】料理研究家リュウジさんが絶賛したカップ麺をすする。【飯テロ】SUSURU TV.第3770回,2026-03-31T09:30:00Z
mOdllOjI3Ds,店の回ではなさそう,,,肥満トリオで二郎系,2026-03-29T09:55:38Z
3I8XiKGC2UI,店名が分からない,,岩手県遠野市宮守町上鱒沢6-27-3,【家系】訪問難易度SSクラスの名店から超人気家系ラーメン店まで女子アナと共に3連食旅。をすする【飯テロ】SUSURU TV.第3767回,2026-03-28T09:30:00Z
urKZAnkzwQ4,店名が分からない,,東京都杉並区高円寺南1-12-2,【生麺食感】日清ラ王、結局どれが一番うまいの？,2026-03-27T09:30:00Z
Pp6mV3vY4fk,店の回ではなさそう,,,中本の北極ラーメン10倍、辛さの限界に挑戦した結果‥,2026-03-26T10:02:22Z
_zhEaEIQs30,店名が分からない,,東京都千代田区神田三崎町2-16-10,【ご報告】北ノ醤油チーホーさん、実店舗オープン,2026-03-25T09:30:30Z
is8Ig-omqjg,店の回ではなさそう,,,佐山聡のシューティング合宿に影響を受けたSUSURU,2026-03-23T09:57:51Z
1Sa2FtElHpw,店の回ではなさそう,,,吉野家の油そばって美味いの？,2026-03-20T09:58:45Z
TtwD9Aek3B8,店名が分からない,,埼玉県久喜市樋ノ口584-4,【絶品】埼玉屈指の名店揃い。ラーメン店主さんとめぐる激ウマ3軒ラーメンコーデ。をすする【飯テロ】SUSURU TV.第3759回,2026-03-20T09:30:16Z
c7bLsGc0db4,店名が分からない,,東京都杉並区高円寺南1-12-2,センチメンタル・ラーメン・フォーエバー -Music Video-（富山ラーメンフェス公式テーマソング）,2026-03-18T06:00:21Z
TD9lXGowmzg,店の回ではなさそう,,,二郎好きじゃないと落とされるバイト面接 @masakino_jinseiha_tanoshii,2026-03-17T10:02:34Z
BJjwBsgWBmA,店の回ではなさそう,,,【ひろゆき】褒められてキレるススエモン,2026-03-13T10:02:04Z
Xvm8izxlAEs,店の回ではなさそう,,,【二郎系】出禁の二郎系ラーメンに突撃した結果,2026-03-11T09:54:56Z
YZYEsUjg3Qg,店の回ではなさそう,,,吉村家のラーメンピザはうまいのか,2026-03-08T10:31:51Z
BMzHQmNvnGc,店名が分からない,,千葉県松戸市松飛台112-26,【豚骨の神】年間800杯超え、作り手食べ手両方のレジェンドラーメン店主と千葉の名店を食いまくる旅。をすする【飯テロ】SUSURU TV.第3746回,2026-03-07T09:30:06Z
Tj4hiKxoomw,店の回ではなさそう,,,石川典行にまたイジられた,2026-03-06T10:00:48Z
6p7_og3D2F4,店の回ではなさそう,,,料理研究家リュウジが作ったしゃぶ葉の二郎系ラーメン‥,2026-03-04T09:56:30Z
_Z8jes35TQk,店の回ではなさそう,,,「今年最悪のカップ麺」と酷評されている一杯をガチレビューした結果・・,2026-03-02T09:56:26Z
OPow9gKGIsg,店名が分からない,,東京都杉並区高円寺南1-12-2,【セブン】食ってみろと言われたセブンの大盛り魚介豚骨まぜそばを食ってみたんだけど‥をすする 【飯テロ】SUSURU TV.第3739回,2026-02-28T09:30:12Z
FUk3E9Q6uCY,店の回ではなさそう,,,毎日ラーメンすすっていて思うこと３選  @ishyageinin,2026-02-27T09:54:35Z
hEvNY4ZerJM,店の回ではなさそう,,,ラーメンを食い逃げするススエモン。,2026-02-25T09:54:56Z
-s1kzfxDz84,店名が分からない,,茨城県つくば市竹園1-9-7,【三連食】注目の新店から老舗まで、4時間で3軒はしごするラーメンRTAツアー。をすする【飯テロ】SUSURU TV.第3736回,2026-02-25T09:30:01Z
ART8a2THjSI,店の回ではなさそう,,,無愛想だけどプロ意識を感じるラーメンすすり屋の者 @NannOku-Kounenn,2026-02-23T09:58:20Z
fZ5ZX8Y1Svg,店名が分からない,,東京都杉並区高円寺南1-12-2,人間ドック結果がやばい‥,2026-02-22T03:00:43Z
0qtbztuEmU8,店の回ではなさそう,,,【油そば】どうしても春日亭が食べたい,2026-02-20T09:55:18Z
03cv9lSbkys,店名が分からない,,群馬県安中市松井田町横川553-3,【最強】年間700杯超えのラーメン官僚の休日に密着。1日一緒に食べ歩いたらとんでもないことになった。をすする 【飯テロ】SUSURU TV.第3731回,2026-02-20T09:30:00Z
83FS5xntxvA,店の回ではなさそう,,,夜のうんぱいとラーメンデートしたらヤバい展開に‥,2026-02-18T09:54:32Z
lsDQA6eU5pY,店の回ではなさそう,,,二重価格・中国人出禁で大炎上した家系ラーメン店に突撃してみた,2026-02-16T09:54:50Z
3UTtqB0lWkg,店の回ではなさそう,,,ラーメン店別湯切りの違い,2026-02-14T09:55:23Z
Xn4v3A0cyYw,店名が分からない,,東京都杉並区高円寺南1-12-2,SUSURU、出店します。,2026-02-13T09:30:15Z
hDx6OfXnVU4,店名が分からない,,千葉県千葉市中央区亀井町1-12,【千葉】首都圏トップクラス。ハイレベルなラーメン店がひしめく千葉県を巡る食べ歩きツアー。をすする【飯テロ】SUSURU TV.第3723回,2026-02-12T09:30:23Z
AAt2oo0HvhI,店の回ではなさそう,,,YouTuberは無銭飲食が当たり前,2026-02-11T09:55:10Z
yBym53_ObqY,店名が分からない,,東京都杉並区高円寺南1-12-2,カップヌードルのカスタムを本気で考える会,2026-02-11T09:30:37Z
J7P9jJWyCHY,店の回ではなさそう,,,【ファミマ】関西でも濃厚とんこつ豚無双販売しないとチャンネル登録解除する。,2026-02-09T09:54:20Z
RU45sK3gQCk,店の回ではなさそう,,,【当然】ラーメンを残す配信者にブチキレたお店に突撃,2026-02-06T10:01:23Z
wlpR9xKMpmA,店の回ではなさそう,,,本気ですすりたいなら… @hanmariku_kintore,2026-02-04T09:55:51Z
gzFW-5SrcoY,店名が分からない,,栃木県小山市中久喜1174-35,【日帰り】北関東最強と名高い栃木県のラーメンをガッツリ食ってすぐ帰るラーメン旅。をすする【飯テロ】SUSURU TV.第3715回,2026-02-04T09:30:20Z
kTRiPg39OCY,店名が分からない,,東京都杉並区高円寺南1-12-2,ファミリーマートの濃厚とんこつ豚無双について,2026-02-03T09:30:34Z
yZeB7bO9YHs,店の回ではなさそう,,,『箸いりますか？』→はい,2026-02-02T09:56:07Z
BHzOrxaf0C8,店名が分からない,,東京都杉並区高円寺南1-12-2,【最強レシピ】激ウマ！すみれ系の味噌ラーメンを、スーパーの食材のみ1時間で作る。,2026-02-01T09:30:06Z
pIq_ZiGXY34,店名が分からない,,東京都杉並区高円寺南1-12-2,【コンビニ】『これは絶対に食ってくれ』と言われたので食ってみる。をすする【飯テロ】SUSURU TV. 第3711回,2026-01-31T09:30:30Z
4sr4RLIVTQU,店の回ではなさそう,,,バキバキの家系否定派VS本音しか言わないSUSURU。,2026-01-30T09:54:32Z
RDGB2WaoG5U,店名が分からない,,神奈川県横浜市港北区新横浜2-14-21,【六角家】レジェンド家系が衝撃の復活。家系御三家と呼ばれた六角家の最終形態。六角家1994+【飯テロ】SUSURU TV. 第3710回,2026-01-30T09:30:18Z
rQIWJchGDxI,店の回ではなさそう,,,【二郎】突如オープンした話題のラーメン二郎は果たしてうまいのか？,2026-01-28T09:55:02Z
OpaKH7wpyOU,店名が分からない,,東京都杉並区高円寺南1-12-2,マルちゃんズバーン、ほんとにうまいの？全種類食べてランク付けしてみた。【ZUBAAAN!】,2026-01-28T09:30:24Z
xRbSW-e79jc,店の回ではなさそう,,,ラーメン二郎の秘密を暴露します。,2026-01-26T09:52:09Z
VNTqsbQ1scA,店名が分からない,,東京都八王子市打越町334-5,【背脂】アブラは増せるだけ増したいよなあ！都内で食える最高の背脂ラーメンを発見しました。をすする【飯テロ】SUSURU TV.第3706回,2026-01-26T09:30:15Z
FrM0SQe6su8,店名が分からない,,東京都府中市日吉町1−1,醤油ラーメンを本気で作る。【やばいクレーマーのSUSURU TV.】,2026-01-25T09:30:19Z
BY6-X-dLY7Q,店の回ではなさそう,,,ヤ。- やばいクレーマーのSUSURU TVについて-,2026-01-23T09:54:46Z
-6hGSfilhIQ,店の回ではなさそう,,,『来いや』というので石川典行の自宅に凸って二郎系連れて行ってみた,2026-01-20T09:58:35Z
-qwTl95N1ro,店名が分からない,,埼玉県さいたま市大宮区大門町1-13,石川典行に『お前が来いや』と煽られたので自宅に凸して二郎系連れて行ってみた。SUSURU TV. 第3700回,2026-01-20T09:30:00Z
izobMi6_FIw,店の回ではなさそう,,,水いりますか？→はい,2026-01-18T09:54:19Z
MZ8vpJ586Ig,店名が分からない,,愛知県名古屋市中村区名駅4-15-2,【名古屋大曽根】直系二郎の最新店に３時間並んだ。名古屋で朝からラーメン旅。をすする SUSURU TV.第3698回,2026-01-18T09:30:12Z
ES2ZJdEAs8o,店名が分からない,,神奈川県横浜市神奈川区反町1-5-12,【家系】ゴクゴク飲める家系スープがヤバい。横浜家系界に30年以上君臨するレジェンド店に突撃。をすする【飯テロ】SUSURU TV.第3697回,2026-01-17T09:30:07Z
AJwzNuijvFI,店の回ではなさそう,,,料理研究家リュウジにも再現できない激ウマラーメン,2026-01-16T09:55:37Z
HwF91YOImk0,店の回ではなさそう,,,バキバキの二郎否定派VS本音しか言わないSUSURU,2026-01-14T09:55:15Z
RlR8dTfOh1s,店名が分からない,,東京都新宿区弁天町20,【絶品名杯】東京めぐりならここは行っとけ。本当に美味い東京の名店を教えます。をすする【飯テロ】SUSURU TV.第3694回,2026-01-14T09:30:29Z
KR2LbaCsPWU,店名が分からない,,東京都目黒区下目黒3-4-6,【24時間】超行列の朝ラーから直系二郎まで、好きな店だけ行くツアーを組んでみた。をすする【飯テロ】SUSURU TV.第3692回,2026-01-12T09:30:11Z
Xgfe2taMAdU,店の回ではなさそう,,,カジサックを東京ナンバーワン豚骨に連れて行ってみた,2026-01-11T09:52:31Z
cPQj0Cs60-A,店名が分からない,,千葉県千葉市中央区春日2-19-9,【家系】蘇る。完全なる進化を遂げた家系ラーメンがうますぎる。をすする【飯テロ】SUSURU TV.第3691回,2026-01-11T09:30:22Z
pfGPApFKoQ0,店名が分からない,,東京都三鷹市下連雀3-28-21,リュウジ、信じてるからな。料理研究家のおじさんリュウジを東京最推し店へ連れてってガチレビュー。をすする【飯テロ】SUSURU TV.第3690回,2026-01-10T09:30:36Z
_I7NTGVHHNk,店の回ではなさそう,,,中国人を出禁にするラーメン店。,2026-01-09T09:59:05Z
K_zwlW_QG-8,店の回ではなさそう,,,【背脂ニンニク】カップヌードルの新作が攻めすぎてる件‥,2026-01-06T09:53:47Z
6C7u99_ocF8,店名が分からない,,東京都港区台場1-7-1,すっかりYouTuberに染まったカジサックさんに東京ナンバーワン豚骨に連れて行けと言われました‥,2026-01-05T09:30:05Z
gmCFuRT7cRo,店の回ではなさそう,,,【二郎系】豚山で大盛り全マシ豚マシ食う,2026-01-03T09:56:04Z
LSiGI-lDxNU,店名が分からない,,東京都杉並区高円寺南1-12-2,【コラボ】2025年のコラボ全まとめ【SUSURU2025まとめ】,2026-01-03T09:30:13Z
UdiMSdiZil4,店名が分からない,,東京都杉並区高円寺南1-12-2,【家系】2025年に食べた家系全まとめ【総集編】,2026-01-02T09:30:17Z
cBbFRdLXq9w,店名が分からない,,東京都杉並区高円寺南1-12-2,2025年で１番美味かったラーメンを決める【SRY2025】,2026-01-01T09:30:20Z
vCmf3bdnWX4,店の回ではなさそう,,,年明けと同時に二郎系食べてきた,2025-12-31T16:18:17Z
s_a8RgGYFho,店の回ではなさそう,,,絶対に食った方がいい二郎系教えます,2025-12-31T09:46:36Z
3SPZ0_KcHjQ,店名が分からない,,東京都杉並区高円寺南1-12-2,【ファミマ】ニンニク効かせまくったファミマのスタ満がうますぎる。このうまさを思い知れ。をすする【飯テロ】SUSURU TV.3680回,2025-12-31T09:30:03Z
yG9VvqzFU8U,店名が分からない,,東京都杉並区高円寺南1-12-2,【二郎系】2025年の二郎系全まとめ【総集編】,2025-12-30T09:30:45Z
ctT1vaXXJLQ,店の回ではなさそう,,,超富裕層です。吉村家の吉村会長が凄すぎる。,2025-12-25T10:12:39Z
-4wi57G0vPA,店名が分からない,,東京都杉並区高円寺南1-12-2,【必見】吉村家、支那そばや、とみ田、飯田商店‥！日本最高峰の店主たちが『2025年のベストラーメン』を決めます。,2025-12-25T09:30:01Z
J6Xv7Nuu5gg,店名が分からない,,東京都中野区中野5-62-7,【春日亭】食べ方教える。ジャンボな油そばをガッツリ食って米入れてシメる。油そば春日亭 中野店【飯テロ】SUSURU TV.第3672回,2025-12-23T09:30:19Z
ni4Aoaw9OQA,店名が分からない,,東京都中野区中野3-42-2,動画投稿遅れてしまっており申し訳ありません,2025-12-23T06:40:34Z
fUTEBPdLzRo,店の回ではなさそう,,,10年毎日ラーメン男の二郎系食べる1日,2025-12-22T09:56:23Z
8gyqLMmHB4w,店名が分からない,,東京都千代田区神田佐久間町3-20-1,【青島食堂】何回食っても激ウマ！東京の醤油ラーメンはここだろ。こういうのがいいんだよと思わず呟いてしまうラーメン。をすする【飯テロ】SUSURU TV.第3671回,2025-12-22T09:30:03Z
f8x8DV8OuV4,店の回ではなさそう,,,【無限替玉】1000円で替玉無制限の店で何杯食えるのか？,2025-12-19T09:54:02Z
iD9zxrn0PvE,店名が分からない,,東京都墨田区錦糸1-8-12,【官僚回】この人、オタク過ぎる‥！ラーメン官僚も舌を巻く、汁なしを知り尽くすゲストがヤバすぎた。をすする【飯テロ】SUSURU TV.第3668回,2025-12-19T09:30:23Z
RIOG1l7puLk,店の回ではなさそう,,,【高すぎ】一蘭が580円のカップ麺出したので食ってみた結果・・,2025-12-16T10:04:55Z
PDz9ZYqv50I,店名が分からない,,東京都杉並区高円寺南1-12-2,【うまかっちゃん】インスタント最強豚骨と言われるうまかっちゃん全種類食って格付けしてみた。,2025-12-16T09:30:30Z
e4aftaMO3dQ,店の回ではなさそう,,,26年前のラーメン本で1日ラーメン店何軒回れるのか？,2025-12-14T09:59:12Z
0z0IFLNqwdY,店の回ではなさそう,,,濃厚とんこつ豚無双がファミマから発売されたらしい。,2025-12-11T09:53:14Z
1qCqITIoHIM,店名が分からない,,東京都杉並区高円寺南1-12-2,みそきん閉店するらしいので冷凍みそきん食ってみた正直な感想。,2025-12-11T09:30:03Z
N--grLV4Ly0,店の回ではなさそう,,,【右左どっち？】水溜りボンドトミーのカップ麺とカップヌードルでやってみた結果‥,2025-12-09T09:55:46Z
srKCDvV41tA,店名が分からない,,東京都杉並区高円寺南1-12-2,【濃厚とんこつ豚無双】ファミマ本社に呼び出されてしまいました、しまいました。,2025-12-09T09:30:26Z
ogAKKLeIhRE,店名が分からない,,東京都中野区中野5-56-13,【超アナログ】26年前のラーメン本のみで東京のラーメンを食べ歩いてみた。,2025-12-08T14:59:49Z
juHqvRXiuEw,店の回ではなさそう,,,吉野家の新作ラーメン実際どうなん？,2025-12-06T10:47:11Z
3js9280fzCo,店の回ではなさそう,,,家系ラーメンは食うだけ長生きする,2025-12-04T09:55:23Z
h9s0UZ6OrfY,店名が分からない,,山形県山形市風間字有在家938-1,【ハシゴ旅】ラーメン消費量全国ナンバーワン。山形県でラーメン食いまくりハシゴ旅。をすする【飯テロ】SUSURU TV.第3651回,2025-12-02T11:04:48Z
BeID4mOqkUw,店の回ではなさそう,,,リュウジ、信じてるからな,2025-12-01T09:57:29Z
dRThBPNla0Q,店名が分からない,,東京都杉並区高円寺南1-12-2,【高すぎ】一蘭の新しいカップ麺が色々とヤバいらしいのですすってみた結果…。をすする【飯テロ】SUSURU TV.3649回,2025-11-30T09:30:18Z
_8aYOtNxAHA,店の回ではなさそう,,,【セブン家系】とみ田監修セブンの最新家系ラーメンを正直レビューします‥,2025-11-29T09:57:43Z
1J_fKCueqDk,店の回ではなさそう,,,【二郎】24時間で限界までラーメン二郎を回った結果‥,2025-11-27T09:57:43Z
4SW9U9eQBjU,店名が分からない,,東京都杉並区高円寺南1-12-2,【直系二郎大好きマン】ラーメン二郎を年間1300杯喰う男と朝から晩まで二郎を連食し続けてマジ限界です。をすする【飯テロ】SUSURU TV.第3645回,2025-11-26T09:30:03Z
ixhstmv80a4,店の回ではなさそう,,,町中華で実際に見た会話。,2025-11-25T09:53:41Z
fYEL-QxcCew,店名が分からない,,東京都杉並区高円寺南1-12-2,【セブン家系】正直に言っていいですか？セブンの新作家系ラーメンを食ってみた結果‥をすする【飯テロ】SUSURU TV.第3644回,2025-11-25T09:30:34Z
v4gEhR35R2Y,店の回ではなさそう,,,やばいクレーマーの偉人‥,2025-11-23T10:04:50Z
4_sg_hDLzks,店名が分からない,,東京都杉並区高円寺南1-12-2,みなさん、本当にありがとうございました。,2025-11-22T09:30:04Z
AUkYsbtw5UM,店の回ではなさそう,,,10年毎日ラーメン男の一日,2025-11-20T09:53:20Z
J6Gsumb-xRM,店の回ではなさそう,,,【家系】家系ラーメン店が混みすぎな件‥,2025-11-18T09:59:54Z
urdRIrkbS2s,店名が分からない,,東京都杉並区高円寺南1-12-2,【鍋二郎】10周年なので家で二郎作ってガチ食いします。【飯テロ】SUSURU TV.第3636回,2025-11-17T09:30:38Z
BCDkaYwPhHA,店名が分からない,,東京都中野区野方6-23-12,【ご報告】子供が産まれました。,2025-11-15T09:30:11Z
77RDz5UVn4Y,店の回ではなさそう,,,視聴者『12時にラーメン二郎集合な』←行ってみた‥,2025-11-14T10:02:27Z
DfccMCeCe5M,店名が分からない,,北海道札幌市中央区北11条西22-1-26,【虚無】麺とスープのみで1000円超えのラーメンはうまいのか？をすする【飯テロ】SUSURU TV.3632回 NOUILLES JAPONAISE とくいち,2025-11-13T09:34:40Z
ovNrTJbN2Vo,店の回ではなさそう,,,マルタイラーメンを全部食ってナンバーワンを決定します,2025-11-12T09:53:17Z
EsgSZdgqkIw,店名が分からない,,静岡県藤枝市志太2丁目2-26-1,【ラーメンショップ】結局ネギミソって超ウメェ…！ボリューム感のハンパない麺量とチャーシューマシでがっつりすすりまくる。 まるりきラーメンショップ【飯テロ】SUSURU TV.第3631回,2025-11-12T09:30:08Z
AwYFrYXDP2A,店の回ではなさそう,,,答えられる？ラーメン画像拡大クイズにSUSURUが挑戦した結果‥,2025-11-10T09:55:35Z
8hVw2iuizsU,店名が分からない,,東京都杉並区高円寺南1-12-2,マルタイラーメンは本当にうまい？5種類食べ比べてランク付けします。,2025-11-10T09:30:05Z
29Kgso8IuZY,店名が分からない,,神奈川県横浜市神奈川区反町1-3-4,【神奈川】どうやってんの？仕事しながら年間700杯超えのラーメン官僚の仕事終わりに密着してみた。をすする 【飯テロ】SUSURU TV.第3626回,2025-11-07T13:29:23Z
wr4lxb25JPA,店の回ではなさそう,,,【二郎系】ヤサイマシマシ→大量お残しでマシマシ終了のお知らせ【炎上】,2025-11-07T09:55:15Z
SEZHkIQxYL0,店名が分からない,,東京都杉並区高円寺南1-12-2,今まで本当にありがとうございました。,2025-11-06T11:09:48Z
INKxnNBWoi0,店の回ではなさそう,,,ラーメン二郎で絶対にやってはいけないNG行動,2025-11-04T09:54:55Z
AlrG6577n7o,店の回ではなさそう,,,【鍋二郎】ラーメン二郎で麺1キロを鍋に入れて持ち帰ってみた結果‥,2025-11-01T09:57:06Z
9JijxnQhYWw,店名が分からない,,東京都杉並区高円寺南1-12-2,【みそきん】忖度していると言われたので辛みそきんをホントの正直レビューします【飯テロ】SUSURU TV.第3619回,2025-10-31T09:30:08Z
tpOd0U5aiEM,店名が分からない,,東京都杉並区高円寺南1-12-2,【二郎系】絶対見てくれ。ぼくがかんがえたさいきょうのラインナップ。一気に5店舗まとめて食う。をすする SUSURU TV.第3618回,2025-10-31T01:38:52Z
BLTCf3DPan4,店の回ではなさそう,,,【MV】RAMEN IN MY LIFE （SUSURUラーメンフェス青森公式テーマソング）,2025-10-30T08:30:04Z
rWI5xVxo87s,店の回ではなさそう,,,辛みそきん本気でガチレビューします。,2025-10-29T10:10:01Z
6eYjUoFI4gg,店の回ではなさそう,,,ラーメン二郎最大の謎について遂に話します。,2025-10-27T10:06:29Z
w6ebKYP0Iqc,店の回ではなさそう,,,【激ムズ】難読ラーメン店を毎日ラーメン男に出題してみた結果‥,2025-10-25T09:55:15Z
nixk7cYBWuo,店名が分からない,,東京都杉並区高円寺南1-12-2,【二郎系】今はこれを食っとけ。一気に5店舗回るやべえラーメン企画。をすする【家系】SUSURU TV.第3613回,2025-10-25T09:30:23Z
C-PbHa8c_Qw,店の回ではなさそう,,,【二郎系】セブンの豚ラーメン新作がエグすぎる・・,2025-10-22T09:57:34Z
DqFdHi5xfmU,店の回ではなさそう,,,【魁力屋】厨房で卵キャッチボール‥バイトテロがヤバい,2025-10-20T09:54:36Z
K0BKfbYUxb0,場所が見つからない,本家 第一旭 烏丸店,京都府京都市中京区蛸薬師通り室町西入姥柳町190-1,【本家】やっぱりうまい！何度食べても納得の美味さ。京都随一の老舗名店がヤバい。をすする 本家 第一旭 烏丸店【飯テロ】SUSURU TV.第3608回,2025-10-20T09:30:09Z
PFWW19weG9Y,店の回ではなさそう,,,超人気女優いちかさんと密着ラーメンデートをしたらヤバいことになった,2025-10-18T09:53:47Z
TrbhW0IlXnE,店の回ではなさそう,,,【辛ラーメン】牛乳ぶち込んだら神アレンジ完成した,2025-10-13T09:54:36Z
fVS9x-sTc5c,店名が分からない,,愛知県名古屋市中区栄3-13-1,【うまい】チェーン店を舐めるなよ。深夜まで賑わう名古屋屈指のローカルチェーンがヤバすぎる。をすする 【飯テロ】SUSURU TV.第3599回,2025-10-11T09:30:21Z
OKYWtIZ9cvw,店の回ではなさそう,,,【激ムズ】ラーメンを超ズームアップしてSUSURU にクイズ出してみた,2025-10-10T09:55:31Z
bKZ0y97iGUg,店名が分からない,,東京都豊島区池袋2-12-1,【呼び出し】ついに大学に呼び出されました...4年で8単位のあの頃を思い出しながら若い力に負けじと学生街の名店でガッツリ2連食。をすする 【飯テロ】SUSURU TV.第3598回,2025-10-10T09:30:31Z
8C9sPWjyC-E,店の回ではなさそう,,,山岡家の勢いが止まらない‥,2025-10-07T09:55:22Z
cPAUe16C-0M,店名が分からない,,東京都杉並区高円寺南1-12-2,セブン－イレブンさん、言わせてください,2025-10-07T09:30:14Z
tpbl9rIZAeM,店の回ではなさそう,,,【辛さ別】蒙古タンメン中本の違い,2025-10-03T09:56:35Z
ATktJHZgn6k,店の回ではなさそう,,,最近のラーメンは高すぎる→350円のラーメン教えます,2025-09-30T10:02:53Z
QrDIwrd_afM,店名が分からない,,東京都杉並区高円寺南1-12-2,【名店のみ】どれも激ウマ。伝説の二郎系から淡麗系の傑作まで超厳選したセレクトを一挙公開。をすする【飯テロ】SUSURU TV.第3588,2025-09-30T09:30:13Z
Ba7m2F-gaw4,店名が分からない,,神奈川県厚木市妻田東2-25-11,【神奈川】朝イチ厚木家の金丼狙いから神奈川の最強うまい店を巡る横浜ツアー。をすする 【飯テロ】SUSURU TV.第3585回,2025-09-27T10:03:44Z
GB53GdD37-U,店の回ではなさそう,,,ラーメン食べてるだけなのに偉そう‥,2025-09-27T09:56:31Z
KfFzL4EAG1w,店の回ではなさそう,,,【ラーメン二郎】ニンニク入れますか？コールを作った伝説の男に会いに行った,2025-09-24T09:56:32Z
DYQiaUwsYxw,店の回ではなさそう,,,【炎上】注文ミスの二郎系ラーメン店が指摘した客にブチ切れた件について,2025-09-21T09:56:54Z
nWmmjmpX_e4,店の回ではなさそう,,,年間杯数別ラーメンオタクの違い,2025-09-19T10:07:39Z
0iwWNA1JGkM,店の回ではなさそう,,,【食べ手の技術】ラーメンにシュークリームぶち込んだ結果大変すすれました‥,2025-09-17T09:51:25Z
NheCto-a3mY,店の回ではなさそう,,,【謎のチェーン店】大量閉店した天下一品の跡地に突如10軒オープンした謎の店,2025-09-15T10:02:33Z
J6zfpXyoAMs,店名が分からない,,千葉県市川市末広1-18-13,【ちょめめ】ガチでうまい店しか出てきません。ラーメン官僚と千葉の名店をハシゴしまくる爆食ツアー開幕。をすする【飯テロ】SUSURU TV.第3571回,2025-09-13T09:32:56Z
P5aF0FYuLbo,店の回ではなさそう,,,【ありえない】天下一品のラーメンにGが入っていた件‥,2025-09-12T10:02:32Z
hrzUsGp8ZQU,店名が分からない,,東京都中央区銀座3-11-6,【ちゃん系】「ちゃん系」って何なんですか？都内で人気急上昇中の「ちゃん系」ラーメンを3連食ですすり比べてきました。をすする 【飯テロ】SUSURU TV.第3570回,2025-09-12T09:31:56Z
RQoCluQskwE,店の回ではなさそう,,,きまぐれクック監修のラーメンをガチレビューしてみた結果‥,2025-09-09T09:53:55Z
qnj_ncWfPDE,店の回ではなさそう,,,一蘭の味集中カウンターでSUSURUがラーメンに集中できない理由‥,2025-09-06T09:59:46Z
qI-XMpBRk_s,店の回ではなさそう,,,【二郎系】全マシマシコールをしようとした男の末路‥,2025-09-04T09:54:53Z
n27Ku9f-4lo,店名が分からない,,東京都豊島区西池袋1-34-4,【謎のチェーン店】大量閉店した天下一品の跡地に突如10軒オープンした謎の店に突撃してみた結果‥をすする【飯テロ】SUSURU TV.第3562回,2025-09-04T09:30:27Z
QrNit58JOgQ,店の回ではなさそう,,,【役満ボディ】岡田紗佳とラーメンデートで日本一のつけ麺をすすった結果‥,2025-09-01T09:52:00Z
MdDKTxhyYGQ,店名が分からない,,東京都杉並区高円寺南1-12-2,【激ウマ】暴力的な旨味の家系から極上の塩ラーメンまで、超ハイレベルな店舗が勢揃いする8月まとめ。をすする【飯テロ】SUSURU TV.第3558回,2025-08-31T09:30:11Z
ydtVr8f5pf0,店名が分からない,,東京都杉並区高円寺南1-12-2,【突撃】フィッシャーズの自宅に押しかけ、その場でラーメンを作って無理やり食わせてみた結果‥をすする 【飯テロ】SUSURU TV.第3557回,2025-08-30T09:30:36Z
cBsXkrLhoVw,店の回ではなさそう,,,家系ラーメン歴別三段活用,2025-08-29T09:53:33Z
Pecbj3yE1cU,店名が分からない,,神奈川県相模原市南区相模大野5-27-5,【爆食女王】激ウマ家系チャーシューメンと大量ライスを平然と喰らい尽くす日本一のレースクイーンがヤバい。をすする【飯テロ】SUSURU TV.第3556回,2025-08-29T09:30:30Z
1XipZjaSMTI,店の回ではなさそう,,,みそきんの中身をカップヌードルとすり替えて食べさせてみた結果‥,2025-08-27T10:06:12Z
eAI3Qy8egMM,店の回ではなさそう,,,取材拒否のラーメン店は全部まずい,2025-08-25T09:54:41Z
sJ-R9UfZIAk,店の回ではなさそう,,,【二郎系】オリジナルコール別ラーメンの違い @らぁ麺が好きすぎる人,2025-08-23T09:57:43Z
GSMSzUgoPPI,店の回ではなさそう,,,週3以上でラーメン食べると早死にします←俺の動画次第でこの記事,2025-08-21T09:54:52Z
DoaGQEqkyEg,店の回ではなさそう,,,冷やし中華なんてこれだけでも充分美味しいです。←炎上した件‥,2025-08-18T09:51:02Z
bYNL_FMHIIo,店の回ではなさそう,,,石川典行と東京駅の味噌ラーメンを食べに行ってみた,2025-08-16T09:53:31Z
XFzhqx3bHjY,店名が分からない,,東京都千代田区丸の内1-9-1,【石川典行】『みそきんを忖度レビューするYouTuberに物申す』配信者、石川典行と東京駅で味噌ラーメン食ってみた。,2025-08-16T09:30:31Z
4tAUTczmDdQ,店の回ではなさそう,,,【ドッキリ】SUSURUのラーメンを台無しにした結果ヤバいことになった‥,2025-08-13T09:53:52Z
GeO5H013fS4,店名が分からない,,東京都練馬区小竹町1-58-2,【家系】家系ばかり食ってた、けーさんとたろーにうまいと言わせたいので本気の家系ラーメン店に連れて行ってみた。,2025-08-13T09:30:15Z
U5CkL2JbxUw,店の回ではなさそう,,,福岡出身DJふぉいに東京の豚骨ラーメンうまいと言わせたい @foy_honmono,2025-08-10T10:04:22Z
KlXvZwIlA8Y,店名が分からない,,東京都杉並区高円寺南1-12-2,【ガチ検査】医師団にSUSURUの生活1年分全部見せたらヤバい宣告されました。,2025-08-10T09:30:25Z
X9vMXdKLqtE,店名が分からない,,東京都世田谷区南烏山6-5-7,【無限ラーメン】年間700杯男と東京の名店を倒れるまで巡る旅。,2025-08-09T10:25:45Z
G0LqbaYbN7U,店の回ではなさそう,,,みそきんVSやばいクレーマー,2025-08-08T10:55:45Z
CU4gqZW3h7Q,店名が分からない,,東京都千代田区丸ノ内1-9-1,【みそきん】コラ〜！！実際どうなの？東京駅にできたみそきんを食ってきた。,2025-08-08T10:53:12Z
zkoiIvUokW0,店名が分からない,,東京都港区赤坂5-1-36,【またしても】豚骨ラーメンに厳しい福岡出身DJふぉいに東京最強の豚骨ラーメンを教える。【何も知らない】,2025-08-07T09:30:30Z
v1HSL7M7FKI,店の回ではなさそう,,,【右左どっち】ラーメンとうどんどっちも入れる驚愕のラーメン‥,2025-08-06T09:53:31Z
VKIeK2QX1oQ,店の回ではなさそう,,,昼夜逆転ラーメン生活をしたら身体がマジでヤバいことになった‥,2025-08-04T09:53:39Z
R3I2iyYrxpg,店の回ではなさそう,,,【セブン】とみ田の冷し濃厚魚介つけ麺を大盛りで食う,2025-08-01T09:56:32Z
-9TCU0Ur7CU,店名が分からない,,東京都豊島区東池袋1-12-14,【超過酷】タイムスケジュールのAMとPMを入れ替えてラーメン食ってみた。,2025-07-30T16:06:35Z
yopgkgQbYiA,店の回ではなさそう,,,ラーメン店別入店時の違い,2025-07-30T10:06:03Z
TNp9Hc1m4lA,店名が分からない,,京都府京都市中京区寺町通二条下る榎木町99-1,【食い尽くし】京都のラーメンを倒れるまで食う。濃い醤油に背脂、油そばにチャーシュー丼を大食い。をすする【飯テロ】SUSURU TV.第3525回,2025-07-29T09:30:30Z
aCa5VIfjAd0,店の回ではなさそう,,,健康キャンセル界隈の中本アレンジ,2025-07-28T10:16:57Z
7RYAXF8A6mc,店の回ではなさそう,,,【ドッキリ】SUSURUのラーメンに髪の毛を入れてみた結果‥,2025-07-26T09:55:54Z
HJamZufH4Ls,店名が分からない,,埼玉県比企郡滑川町羽尾4340-1,【埼玉】エリアナンバーワン豚骨からの超絶濃い味つけ麺をハシゴ。ヤバすぎるラーメンに出会った。をすする【飯テロ】SUSURU TV.第3522回,2025-07-26T09:30:07Z
thIEfiEop7M,店の回ではなさそう,,,【二郎系】ニンニク入れますか？→「はい」と言い続けたら‥,2025-07-24T09:58:23Z
tl2WAx2G9ZU,店の回ではなさそう,,,【後藤真希】ゴマキさんをラーメンデートに誘ってみた結果‥,2025-07-22T09:59:03Z
DKzcIwqlRb8,店の回ではなさそう,,,みんなは選挙行った？,2025-07-20T09:46:28Z
YtlMutv4ZPo,店の回ではなさそう,,,【吉野家】牛丼チェーンの話題沸騰まぜそば実際どうなの？,2025-07-18T09:54:49Z
8JqQxsiXwpA,店名が分からない,,三重県四日市市西日野町606-7,【無限ラーメン】何杯食べられるのか？エリアナンバーワン豚骨から始まる東海ラーメン旅。をすする【飯テロ】SUSURU TV.第3514回,2025-07-18T09:36:14Z
cz-XTVrXiwA,店の回ではなさそう,,,「二郎食べてる間SUSURUを撒くことなど容易説」を検証してみた結果・・,2025-07-16T10:04:33Z
sNHU5DcXV_E,店の回ではなさそう,,,【家系】日本で一番ウマい家系ラーメンはここです。,2025-07-13T09:57:00Z
8IOKPT9cnLs,店の回ではなさそう,,,ニ杯食いは流石に太らない @gakutoktkr,2025-07-11T09:59:27Z
nAgqmCbGv1Q,店名が分からない,,東京都三鷹市下連雀3-28-21,【コスパ最強】絶対に腹いっぱいにさせます。このボリュームはヤバすぎる‥後悔させない神ラーメン。肉めん 肉めし すず気【飯テロ】SUSURU TV.第3506回,2025-07-10T09:30:26Z
5wIyC4QyqOs,店の回ではなさそう,,,ラーメン二郎は20分以内に食べ切って下さい,2025-07-08T09:56:37Z
LbpT54bKsfk,店名が分からない,,東京都目黒区祐天寺2-4-3,【ガチ豚骨】全くノーマークなのに東京でもこんな豚骨食えるとこあったんか‥をすする SUSURU TV.第3503回,2025-07-07T10:03:24Z
XuIVy9YuhoM,店の回ではなさそう,,,カップヌードルアレンジ3選,2025-07-06T09:52:25Z
aiQligrklMM,店名が分からない,,東京都杉並区高円寺南1-12-2,【セブン】このコンビニラーメンがヤバい。セブンで買える夏の風物詩、とみ田の冷し濃厚魚介つけ麺をW盛りでキメる。をすする【飯テロ】 SUSURU TV.第3501回,2025-07-05T09:30:03Z
5HFiQdMCabk,店の回ではなさそう,,,二郎系歴別コールの仕方,2025-07-04T09:55:42Z
ISTjTqSY9Zs,店の回ではなさそう,,,『もう頼まないで』と店主から言われる爆盛りラーメンがヤバすぎる・・,2025-07-02T09:55:32Z
gTAkwZ-ehLw,店名が分からない,,青森県青森市篠田2-27-16,【俺は好き】これは食っとけよ。みんながどうかはわからないけど、俺は本当に好きなんだよな。地元でハシゴしてすする　SUSURU TV.第3497回,2025-07-01T10:57:48Z
0PM0i0eXtAM,店の回ではなさそう,,,天下一品が大量閉店に追い込まれている件について。。。,2025-06-30T09:56:06Z
uAvCy2Zeiwg,店名が分からない,,山梨県北都留郡小菅村大久保3337,【超厳選】俺が保証します。全て激ウマです。今ここに行っとけば間違いない最高のラーメン店。をすする SUSURU TV.第3496回,2025-06-30T09:30:29Z
em-w-K6_Gko,店の回ではなさそう,,,松屋の新メニュー、うまトマラーメンがヤバすぎる‥,2025-06-26T10:05:01Z
8SplQ-briIU,店名が分からない,,福岡県北九州市若松区青葉台南3-1-5,【ダブル完飲】修羅の国、北九州の豚骨ラーメンがうますぎる‥！スープ飲み干す激ウマ豚骨の宝庫。をすする　SUSURU TV.第3491回,2025-06-25T11:05:39Z
per569R0b3w,店名が分からない,,岩手県盛岡市西青山2-26-20,【激ウマ】食べログランキングNo.1。極上スープとつけ麺を満腹になるまで食う。らあめんサンド【飯テロ】SUSURU TV.第3489回,2025-06-23T09:30:26Z
cW4l5GifoXA,店の回ではなさそう,,,【カンピロバクター】こんなチャーシューには気をつけろ,2025-06-21T10:03:52Z
CkVVllMxXlA,店名が分からない,,神奈川県横浜市神奈川区大口通11-5,【神奈川】名店多すぎるだろ！ラーメン二郎などうまい店だけ3軒めぐる神奈川ラーメン旅。をすする【飯テロ】SUSURU TV.第3487回,2025-06-21T09:30:22Z
ULhAfHubhDs,店の回ではなさそう,,,新しい濃厚とんこつ豚無双がヤバい,2025-06-19T09:55:31Z
oSvQKZdw6zk,店名が分からない,,神奈川県秦野市堀西89-3,【神奈川】激ウマ！今までの概念を覆す豚骨ラーメンがうますぎる‥！マー油ってこんなにうまかったのかよ。をすする SUSURU TV.第3484回,2025-06-18T11:05:15Z
c1U32OCrUYs,店の回ではなさそう,,,【山寺宏一】プロなら麺をすする音だけでラーメン当てられる？試してみた結果‥ #PR,2025-06-16T09:55:47Z
sXi1Ynv3C9A,店の回ではなさそう,,,【絶対ダメ】『二郎ハラスメント』が深刻化している件がヤバい‥,2025-06-14T10:02:55Z
ibVJ_-iqmOc,店名が分からない,,埼玉県飯能市東町8-16,【埼玉】激ウマ極太麺連発！年間700杯超えのラーメン官僚と共に埼玉の名店を食べ尽くす。をすする【飯テロ】SUSURU TV.第3479回,2025-06-13T09:30:25Z
WeVUqzM3PGw,店の回ではなさそう,,,【二郎】24時間徒歩のみでラーメン二郎何軒回れるのか？,2025-06-11T09:54:54Z
viYIusLQTZU,店の回ではなさそう,,,みそきんメシもアレンジしてみた,2025-06-06T09:53:05Z
SFNKMYT4DP4,店の回ではなさそう,,,【みそきん】めちゃくちゃにしてやるよ。汁なしみそきん作ってみたら‥,2025-06-03T09:55:17Z
w8aKOYLUKUQ,店名が分からない,,東京都港区三田2丁目16−4,【限界に挑戦】徒歩のみでラーメン二郎、一日何軒回れるのか？,2025-06-01T09:30:33Z
kkVGm6pX0uI,店の回ではなさそう,,,【万博】『ぼったくり』と言われる1080円のラーメンを食ってみた結果‥,2025-05-31T10:25:03Z
q0K5dicXXI8,店の回ではなさそう,,,【ガチレビュー】今回のみそきんは実際どうなの？,2025-05-29T09:54:40Z
X3eTF-hwhUo,店名が分からない,,東京都杉並区高円寺南1-12-2,濃厚とんこつ豚無双を再販売します。,2025-05-27T09:30:16Z
uJl_rp1zpws,店の回ではなさそう,,,【バリカタNG】このお店では絶対に『バリカタ』と言わないでください‥,2025-05-26T10:07:28Z
M_7xv1GqbC0,店名が分からない,,愛知県名古屋市中区錦2-4-8,【二郎系】ラーメンつけ麺二郎系、名古屋の全てをすすり尽くすまで帰れない旅で腹いっぱいまですする　SUSURU TV.第3461回,2025-05-26T10:01:40Z
Lok4YLwrmkE,店名が分からない,,東京都中野区中野3-42-2,【朗報】最強の自作ラーメン、ここに決まる。家で作れる激ウマラーメンGP開催。をすする【飯テロ】SUSURU TV.第3460回,2025-05-25T11:01:43Z
IQTo_3KsqKE,店の回ではなさそう,,,【不健康生活】毎日ラーメン男SUSURUに人間ドック受けさせた結果が衝撃的過ぎた・・,2025-05-23T09:52:45Z
7LqUW3dEJ2E,店の回ではなさそう,,,何問解ける？ラーメン超拡大クイズをSUSURUが解いてみた結果・・,2025-05-19T09:51:47Z
WIt1Wtl0j0k,店の回ではなさそう,,,【ちょめめ】2025年一番ウマいラーメン教えます,2025-05-17T09:54:45Z
aLeu_psKTEA,店名が分からない,,東京都台東区台東2-4-4,【ラーメンブログ王】東京ラーメン全てを知る男、動きます。東京屈指の名店に連れて行ってもらいました、もらいました。をすする らーめん天神下 大喜　3449,2025-05-14T09:30:00Z
y-lK11-LbBs,店の回ではなさそう,,,【濃厚】SUSURUをパクった本人を呼び出してすすり合った結果がやばい‥,2025-05-13T09:53:00Z
0oyDc5sXmOU,店名が分からない,,東京都千代田区神田佐久間町3-1,【斎藤裕】格闘家のラーメン本当にうまいの？→え、めっちゃうまいじゃん‥！RIZIN王者の本気ラーメンがヤバい。　麺ZINさいとう【飯テロ】SUSURU TV.第3446回,2025-05-12T10:26:45Z
UbhE_6goM4E,店の回ではなさそう,,,【カロリーオーバー】これは過去最高にウマい！爆食い確定の町中華に行ってみた。,2025-05-10T09:53:19Z
3OnlLWL3dVQ,店の回ではなさそう,,,【セブン】コンビニ家系はうまいのか？,2025-05-06T09:58:20Z
bCNhPTr8sJI,店名が分からない,,東京都杉並区高円寺南1-12-2,【コンビニ家系】正直に言います。セブン家系を山盛りライスと共にすする　SUSURU TV.第3439回,2025-05-04T09:30:30Z
nzduYOeBltE,店の回ではなさそう,,,【メンチニキ】セブンの二郎系でメンチ切ってみた,2025-05-03T09:54:50Z
AU6-wJQmcm8,店の回ではなさそう,,,【家系】内田真礼さんと激ウマ家系ラーメンをトッピングマシマシ,2025-04-30T09:55:57Z
ppBN8-RLJb0,店名が分からない,,福島県いわき市平字城東1-3-1,【総集編】極太ワシワシバキバキ麺がヤバすぎる‥！食うだけでアゴが持ってかれるヤバすぎる二郎系など、4月まとめ SUSURU TV.第3435回,2025-04-30T09:30:25Z
1STxVej8XDA,店の回ではなさそう,,,【ラーメンクイズ】ラーメン店を英語→日本語にできるかクイズ出したらヤバイ回答が出た・・,2025-04-28T09:52:46Z
vlJ0Z7zWnXY,店の回ではなさそう,,,【ジェネリック中本】料理研究家リュウジさんが考案したジェネリック中本を作ってみた結果・・,2025-04-26T09:55:05Z
3ofVM1P91-E,店名が分からない,,東京都杉並区高円寺南1-12-2,【ジェネリック中本】料理研究家リュウジ考案の蒙古タンメン再現レシピをガチで作ってみる。,2025-04-26T09:30:02Z
oThQJOPO708,店の回ではなさそう,,,ラーメン超拡大クイズ、SUSURUは解ける？,2025-04-23T09:58:14Z
Mx-Zh-AqrkU,店の回ではなさそう,,,【二郎系】ヤサイマシマシどころの騒ぎじゃねぇぞこれ‥,2025-04-21T09:54:34Z
4bprvnMPAc0,店の回ではなさそう,,,【オフラインラーメン】令和ロマン松井ケムリさんとくるまやラーメン行ってきた。,2025-04-19T09:44:31Z
uA8lPh1wUj4,店の回ではなさそう,,,【裏技】日高屋の『カタメコイメ』はうまいのか？検証してみた結果・・,2025-04-17T09:54:36Z
3lP-MlWAHdw,店名が分からない,,福島県いわき市小名浜字栄町66-30,【大食い】食堂系から二郎系まで１日で４軒連食した一部始終をお届けします。をすする【飯テロ】SUSURU TV.第3421回,2025-04-16T09:30:02Z
JRd1PaI2Kho,店名が分からない,,東京都杉並区高円寺南1-12-2,【悲報】SUSURU TV.終了？人間ドックに行ったら結果がヤバくて洒落になってないじゃん,2025-04-16T03:00:20Z
PmOEw4y7nAA,店の回ではなさそう,,,【これは酷い】車の落書きに不法侵入。ラーメン店が営業不可能に・・,2025-04-15T09:56:41Z
GMjMigA228I,店の回ではなさそう,,,ここ行ったらチャンネル登録解除する,2025-04-13T09:54:03Z
cGOHV06LzGE,店の回ではなさそう,,,【グルメ王】アンジャッシュ渡部さんとラーメン食べにきたけど‥,2025-04-11T09:58:10Z
I2uygLg4jAQ,店名が分からない,,神奈川県足柄下郡湯河原町土肥2-12-14,【メシ食い汁飲み】アンジャッシュ渡部さんと日本一のラーメン店 飯田商店をすする【飯テロ】SUSURU TV.第3416回,2025-04-11T09:30:09Z
Nxnvit-Ky0A,店の回ではなさそう,,,【特盛り】東京で一番うまいつけ麺を教えます,2025-04-08T09:52:51Z
RGOG8AfEYzk,店の回ではなさそう,,,【豚ラーメン】セブンイレブンの『辛い豚ラーメン』を本気アレンジしてみた結果‥,2025-04-05T09:54:06Z
rbSLpHvUYMg,店の回ではなさそう,,,爆爆盛焼油脂麺は流石に太らない @gakutoktkr,2025-04-02T09:51:44Z
AB1rlsPQ-qg,店の回ではなさそう,,,【二郎系】セブンイレブンの売り切れ続出『豚ラーメン』をW盛りで食ってガチレビュー,2025-03-31T09:55:13Z
8Em6dBmK6Yc,店名が分からない,,栃木県宇都宮市東宿郷2-5-17,【激ウマ】これはかなりブッ刺さった。スープ全飲み、完まくり当然の激ウマラーメンたちを一気に紹介。をすする　SUSURU TV.第3405回　3月まとめ,2025-03-31T09:30:04Z
GSeZsH98hWg,店名が分からない,,岐阜県高山市有楽町31-3,【ブラック】誰も知らない謎のご当地ラーメン、『高山ラーメン』を攻める。をすする【飯テロ】SUSURU TV.第3403回,2025-03-30T09:30:10Z
FOtAAG7fjQ4,店の回ではなさそう,,,【翻訳クイズ】ラーメン店を英語→日本語にできる？,2025-03-29T09:51:03Z
Cat8a7nY8qw,店名が分からない,,東京都中野区中野3-42-2,【セブン二郎系】売り切れ続出。セブンの豚ラーメンがまたウマくなったらしいので二倍盛りで食らいまくる。をすする【飯テロ】SUSURU TV.第3401回,2025-03-27T09:30:09Z
-Ncptcsk7IY,店名が分からない,,神奈川県藤沢市鵠沼花沢町2-16,【神奈川】ちょめめな名店めぐり行きます。年間700杯超えのラーメン官僚と共に神奈川の名店をすすりまくる食べ歩きツアー。をすする【飯テロ】SUSURU TV.第3399回,2025-03-25T09:31:17Z
YdWVkKlt21I,店の回ではなさそう,,,川越シェフVSラーメンアキネーター,2025-03-24T09:54:09Z
C1joMmL1jR8,店の回ではなさそう,,,【二郎系】童貞を◯す風吹ケイさんと爆盛り二郎系デートに行った結果‥,2025-03-21T10:00:20Z
9rMiWW7B70Q,店の回ではなさそう,,,家系早〇に三段活用で有名なRED中村が・・・,2025-03-17T10:03:25Z
etG7_U5zs4A,店名が分からない,,千葉県木更津市朝日3-6-15,早死に三段活用で有名なRED中村が・・・。,2025-03-16T09:30:14Z
TDF4RiC0yk4,店の回ではなさそう,,,視聴者さんからのコメントを妻に伝えてみた結果‥,2025-03-14T09:57:01Z
OOcUYUoH_K4,店の回ではなさそう,,,Mr.マリックVS東京で一番うまいラーメン店,2025-03-12T09:53:29Z
u_TcJ_wXJFI,店の回ではなさそう,,,マジかよ？具なしラーメンが流行ってるらしい‥,2025-03-10T09:56:27Z
Cfe57EOdSQI,店の回ではなさそう,,,右左どっち？選んだ方向にあるラーメン店に突撃してみたら‥！,2025-03-08T09:53:28Z
F76KYGdZvwo,店の回ではなさそう,,,YouTuberと結婚してみて嫌だったことを聞いてみた結果‥,2025-03-06T09:52:28Z
OC7R5ZsKwu8,店の回ではなさそう,,,【家系】杉田家本店によぉちゃんと行く,2025-03-04T09:53:53Z
J2OJB3g5Ywo,店の回ではなさそう,,,厨房に入って『パワー味噌 ガイア』を本気で作ってみた【やばいクレーマーのSUSURU TV.】,2025-03-02T09:55:21Z
bSlDi_-s6TU,店名が分からない,,東京都中野区中野3-42-2,『パワー味噌 ガイア』を本気で作る。【やばいクレーマーのSUSURU TV.】,2025-03-01T09:30:16Z
Y8ONU-VAy-k,店名が分からない,,静岡県静岡市葵区研屋町16 セントラルマンション 1F,【家系】思わずスープ全部飲んでしまう。気づいたらスープなくなってるヤバ家系と今月のうまいラーメン全部振り返ります。をすする【飯テロ】SUSURU TV.第3374回,2025-02-28T09:30:20Z
p4ndIs2Sdsc,店の回ではなさそう,,,【大食い】評価低いラーメンばかり食べているタケヤキ翔さんに本気のラーメン食わせてみた。,2025-02-27T09:52:44Z
OE2n9EizV4Q,店名が分からない,,東京都世田谷区船橋1-38-4,【大食い】激ウマ名店食い倒れ旅。タケヤキ翔さんに東京の名店を腹ちぎれるまで食わせます。をすする【飯テロ】SUSURU TV.第3373回,2025-02-27T09:30:17Z
UufrcyqiXr0,店の回ではなさそう,,,【家系】びわ湖くんを『まずい店』リストのラーメン店に連れて行った結果‥,2025-02-24T09:52:05Z
Ek2q92UrCQ4,店名が分からない,,東京都中野区中野5-53-2,【家系】おいびわ湖、この家系食ったことあんのか？『すする まずい店』プレイリストに載っていたお店に連れて行ってみた結果‥をすする SUSURU TV.第3366回,2025-02-20T09:32:35Z
0Fb4S_wPEwk,店の回ではなさそう,,,二郎系は豚のエサ,2025-02-18T09:54:51Z
McWqiRT_dr8,店の回ではなさそう,,,【暴露】コレコレさんの動画で問題になった件について‥,2025-02-15T09:55:15Z
H1Rhbq3hklQ,店名が分からない,,兵庫県西脇市上野432-7,誰も知らない謎のご当地ラーメン、『播州ラーメン』を食ってみる。,2025-02-13T09:46:19Z
5UsXeZhpAPo,店の回ではなさそう,,,ラーメン好きはマナーが悪いと言われる理由が深刻すぎる・・,2025-02-12T09:53:24Z
sroVQOV76FE,店名が分からない,,東京都杉並区高円寺北2-40-16,【大食い】ウマスギィ！迷ったものは全部食え。ラーメン、替え玉、ライス全てを注文して一気に食う。俺は幸せ。をすする 中華蕎麦 一心　SUSURU第3357回,2025-02-11T10:45:03Z
oL2RsfPfxw4,店名が分からない,,静岡県藤枝市駅前3-2-17,【満腹確定】ライスがあったら頼むだろ。絶対に腹いっぱいにさせます。一日400杯売れる地方のモンスター店がヤバい。をすする【飯テロ】SUSURU TV.第3356回,2025-02-10T09:30:19Z
B4CQpq5ujJU,店の回ではなさそう,,,麺だけで1000円のラーメン食べてみた結果がやばすぎる‥,2025-02-08T09:53:47Z
EWF6CExPVf4,店の回ではなさそう,,,【家系】9年間毎日ラーメン男が選ぶ最強の家系ラーメン3選,2025-02-03T09:53:44Z
lXOqbbuZ2o0,店の回ではなさそう,,,料理研究家リュウジが考案した味の素ラーメンを作ってみた結果・・,2025-02-01T09:55:39Z
h1CznZ9ZaVg,店名が分からない,,東京都江戸川区西一之江1-12-7,【激ウマ】お前ってうまいしか言わないよな。全然味わかってないくせに。激ウマラーメンが多すぎるけど、本当に？ をすする　SUSURU TV.第3346回,2025-01-31T09:30:14Z
5ghSpiPSPIo,店の回ではなさそう,,,料理研究家リュウジさんの『ジェネリック一蘭』について。,2025-01-30T09:55:56Z
gix9XAZWEbY,店名が分からない,,東京都中野区中野3-42-2,すみませんでした。リュウジさんの「ジェネリック一蘭」を作った件に関して謝罪します。SUSURU TV.第3344回,2025-01-29T09:30:26Z
iuqZYbQ2kQI,店の回ではなさそう,,,こめおが作ったラーメンをガチレビューしたらブチギレされた・・,2025-01-28T09:54:53Z
4KEJcwh6M18,店の回ではなさそう,,,料理研究家リュウジが炎上中。パスタソースとパスタを一緒に茹でる奴はバカ。,2025-01-26T09:54:50Z
t2n5IFWx4mQ,店名が分からない,,東京都中野区中野3-42-2,【絶対見て】毎日ラーメン男が1番美味いラーメン発表！2024年の絶対すするべき神ウマラーメンたち【SRY2024】,2025-01-26T04:30:33Z
PDVT7QxDQfI,店の回ではなさそう,,,まずい店のプレイリストを作って視聴者の技術を試していたことが発覚しました‥。,2025-01-23T09:58:47Z
HRzhEVFQ27M,店の回ではなさそう,,,ラーメンアキネーターの回答に全て「わかりません」で返し続けた結果‥,2025-01-21T10:03:38Z
H55-0-LDUP0,店の回ではなさそう,,,【二郎系】酒飲み女子ゆっけとマシマシ二郎系デートしたらヤバいことになった・・,2025-01-19T09:55:42Z
F0ZeSZNt-CY,店の回ではなさそう,,,【二郎系】二郎系は過剰評価、量が多いだけのブタのエサ。,2025-01-15T09:55:20Z
lAwl-3KnzR8,店名が分からない,,東京都中野区中野3-42-2,【ジェネリック一蘭】料理研究家リュウジが作った最強の一蘭レシピを忖度なしで作って食ってみた結果‥！をすする【飯テロ】SUSURU TV.第3238回,2025-01-13T09:30:16Z
G7_R4iShYR0,店の回ではなさそう,,,【ジェネリック一蘭】料理研究家リュウジのレシピで一蘭のラーメン作ってみたらヤバすぎた・・,2025-01-12T09:55:05Z
nE37g81Xde4,店の回ではなさそう,,,ラーメン屋さんとお客さんのトラブル多すぎだろ！！,2025-01-08T09:52:09Z
_9mCVB2hwTE,店の回ではなさそう,,,2025年に絶対食うべきラーメン店。,2025-01-05T10:00:36Z
qs0HCeckxQg,店名が分からない,,東京都中野区中野3-42-2,【家系】2024年の家系はこれを見れば全てわかります。究極の47店舗全てまとめました。,2025-01-05T03:30:26Z
4Q-Ll5Sppc8,店の回ではなさそう,,,【大炎上】二郎系ラーメン店で『女は食いきれないだろ』と勝手にマシマシにされた件‥,2025-01-03T09:53:22Z
srCExIM9uB4,店名が分からない,,東京都中野区中野3-42-2,【二郎系】この二郎系、うまいわけが‥→あれ？うまくね！？いい意味で期待を裏切ってくる二郎系ラーメン。をすする【飯テロ】SUSURU TV.第3317回,2025-01-02T09:30:26Z
ujRa9UV8BMA,店名が分からない,,東京都中野区中野3-42-2,【コンビニ二郎系】味が薄くて酷評したコンビニ二郎系の第2弾が出たので正直レビューします。をすする SUSURU TV.第3315回,2024-12-31T09:30:29Z
fsq4bVI28ZM,店名が分からない,,東京都中野区中野3-42-2,【神ウマ】これは最強です‥歴代ナンバーワン級にうますぎるラーメンが現れてしまったので絶対に食え。をすする　SUSURU TV.第3313回,2024-12-30T10:30:30Z
7OR-OkKOJiE,店の回ではなさそう,,,【コンビニ二郎系】味がしないと酷評したセブンの冷凍二郎系ラーメンの新作をすすってみた結果・・,2024-12-30T09:54:30Z
vd11GTxVMCU,店の回ではなさそう,,,山岡家特味噌大盛りカタメコイメオオメ,2024-12-28T10:03:27Z
ad1zKrZJids,店の回ではなさそう,,,学生時代のラ王の食べ方。  @-breakoutch5128,2024-12-26T09:55:11Z
nWjITqiSsVU,店の回ではなさそう,,,こめおvsラーメンアキネーター,2024-12-23T10:08:35Z
CWMnw8Y77ME,店名が分からない,,東京都中野区中野3-42-2,【年末総決算】日本最高峰のラーメン店主が選ぶ「2024年のベストラーメン」が決まります。をすする【飯テロ】SUSURU TV.第3306回,2024-12-22T09:30:03Z
4xJJBnOEd0I,店名が分からない,,東京都中野区中野3-42-2,【二郎系】これが最強。2024年SUSURUがすすった二郎系を全てまとめました【総集編】,2024-12-22T04:30:02Z
9GvfW0OzUPE,店の回ではなさそう,,,【吉村家】家系総本山の吉村家の仕込み中に突撃してみた結果‥,2024-12-21T10:00:12Z
fNZEOUJnCVM,店名が分からない,,東京都中野区中野3-42-2,【神回】家系総本山、吉村家を作り上げた会長が降臨‥！原点にして頂点の家系ラーメン。をすする【飯テロ】SUSURU TV.第3304回,2024-12-20T09:30:16Z
HanDua4wg3c,店の回ではなさそう,,,国会議員がラーメン二郎で無許可撮影。これは許せない。,2024-12-19T09:55:05Z
oocJxjxWzio,店名が分からない,,東京都中野区中野3-42-2,【二郎系】ファミマで全国発売が始まった歴史を刻めの汁なしがヤバい。‥！ガチで食ってレポします。をすする　SUSURU TV.第3302回,2024-12-18T09:30:27Z
YKdAIoTkkhw,店の回ではなさそう,,,【二郎系】ファミマ限定歴史を刻めの二郎系ラーメンをダブル食いしてみた結果‥,2024-12-16T10:10:47Z
2X9PDKgZU5E,店名が分からない,,東京都中野区中野3-42-2,【ちょめめ】2024年にすすった特に超めっちゃ美味かったラーメン店全てまとめました。,2024-12-14T04:31:39Z
BA2aCAOBjxA,店の回ではなさそう,,,もう無理。二郎系ラーメン食べたら量多すぎて吐いちゃいました・・,2024-12-11T09:58:46Z
Bkxk2jtZFKc,店の回ではなさそう,,,【二郎系】うんぱいと出会って1秒で入れてもいいか聞いてみた結果・・！,2024-12-08T09:54:30Z
pCN0dThBiRQ,店の回ではなさそう,,,『濃厚とんこつ豚無双』を本気で作ってみた結果・・,2024-12-05T09:56:24Z
1ArD5LEDeB8,店の回ではなさそう,,,ラーメン二郎で勝手にYouTubeの撮影をした結果・・,2024-12-03T09:58:24Z
OswHAqvgMAc,店名が分からない,,奈良県香芝市北今市4-248-2,【ラーメン官僚】もう限界です‥日本一のラーメンマニアと朝から晩までひたすらラーメンをすすり続けるヤバい旅。をすする【飯テロ】SUSURU TV.第3285回,2024-12-01T09:30:06Z
A9OxfLoJwAQ,店の回ではなさそう,,,ラーメン店で「ごちそうさま」を言うのは行儀が悪過ぎる,2024-11-30T09:52:40Z
9FmBV6uZxLU,店の回ではなさそう,,,【朗報】3分カップヌードルが一番うまいらしいのでやってみた結果‥,2024-11-28T10:03:42Z
9pGCc7OCASY,店の回ではなさそう,,,いけちゃんと二郎系全マシデートする,2024-11-26T09:51:37Z
mO_5GZNKWY0,店の回ではなさそう,,,ニンニク爆盛りの激ヤバラーメン,2024-11-23T10:04:54Z
AmFYK_spqmI,店名が分からない,,東京都中野区野方6-23-12,【ジロリアン陸】ラーメン二郎大好きプロボクサーの過酷すぎる減量期間の唯一のチートデイに密着。をすする【飯テロ】SUSURU TV. 第3276回,2024-11-22T09:30:06Z
UaKBODR5qYU,店の回ではなさそう,,,こんなラーメン正直言って食えません。,2024-11-20T10:38:30Z
0Jkue29a6t8,店の回ではなさそう,,,岡野タケシ弁護士に卓上調味料を倒すと犯罪になるのか聞いてみた結果・・,2024-11-18T09:51:51Z
IASZS56wQn0,店の回ではなさそう,,,スマホを使ってる奴はバカです,2024-11-16T09:57:32Z
eNEicCQ0U7U,店名が分からない,,東京都中野区中野3-42-2,これは革命です。全国の名店の味を手軽に購入して自宅ですすれるようになりました。をすする【飯テロ】SUSURU TV.第3267回,2024-11-13T09:30:12Z
TaR0rRq0iro,店の回ではなさそう,,,ゴー☆ジャスvsラーメンアキネーター,2024-11-10T09:57:03Z
P139FQxophY,店名が分からない,,東京都新宿区新宿2-4-1,【ゴー☆ジャス】君のハートに、レボリューション！！ずっと観てたゴージャスさんとミシュラン一つ星の名店に行ってみた。をすする【飯テロ】SUSURU TV.第3263回,2024-11-09T09:30:09Z
EXU8fi3vPf0,店の回ではなさそう,,,コレは許せない。SUSURUの名前を勝手に使うラーメン店が現れました。,2024-11-08T09:54:29Z
Wbesql1xvhE,店名が分からない,,東京都中野区中野3-42-2,『濃厚とんこつ豚無双』を本気で作ったのでみんなに食べてもらいました。をすする　SUSURU TV.3260回,2024-11-06T10:45:02Z
tLBP9ehXpt8,店の回ではなさそう,,,結婚したけど、妻が保険金目当てだった件について。,2024-11-05T09:52:03Z
0mOu2IT5RLk,店名が分からない,,東京都中野区中野3-42-2,【天下一品】ローソンさん、やり過ぎです。こってり全開のコンビニ麺をすすってみた結果　をすする　SUSURU TV.第3257回,2024-11-03T09:30:00Z
_F3O2TYD5iE,店の回ではなさそう,,,カップヌードルを1時間放置してすすってみた結果・・,2024-11-02T09:52:34Z
ou1rcpJVHiA,店の回ではなさそう,,,石　川　典　行,2024-10-31T09:55:41Z
aBihrL0kQRI,店名が分からない,,東京都中央区新富1-9-5,【激ウマ】二郎系でもなんでも来い。これだけは絶対に食べに行ってくれよな。お兄さんとの約束だ。をすする【飯テロ】SUSURU TV.第3254回,2024-10-31T09:30:01Z
1vFsCc6Gngw,店の回ではなさそう,,,上げ底セブンイレブンさんの新作家系ラーメン実際どうなの？すすってみた結果・・,2024-10-28T10:05:01Z
HH7MHVqdZtM,店名が分からない,,東京都中野区中野3-42-2,【大食い】胃袋の限界に挑戦！！1日何杯のラーメンを食べられるのかチャレンジしてみた結果。をすする【飯テロ】SUSURU TV.第3249回,2024-10-26T09:30:05Z
5z9C2lu5Ev8,店の回ではなさそう,,,ラーメン食ってるだけで5日で16億稼ぎました。,2024-10-25T10:29:28Z
sBSAC_D3MdM,店の回ではなさそう,,,ラーメン屋さん、無料ライスを残され衝撃の行動に‥,2024-10-23T09:51:21Z
dS1Hy42Hd1s,店の回ではなさそう,,,【悲報】スシローがラーメンでやらかしてしまう,2024-10-20T09:52:54Z
TgbAvjIDNDI,店の回ではなさそう,,,家系ラーメンは流石に太らない @gakutoktkr,2024-10-18T09:55:35Z
2D375_ePKZs,店の回ではなさそう,,,海水よりまずいスープ。臭いだけのチャーシュー。とディスられまくったラーメン店主がブチギレた結果・・,2024-10-16T10:19:10Z
kk2MDR9MDRM,店名が分からない,,福岡県が出身の妻・佐野しおり氏,【中華蕎麦とみ田】日本一のラーメン店が集結。ありえない程の名店たちが集結する夢のイベントがまさかの実現。をすする【飯テロ】SUSURU TV.第3236回,2024-10-13T09:37:53Z
rzMLVHb6N0I,店名が分からない,,東京都中野区中野3-42-2,みなさん、本当にありがとうございました。,2024-10-12T10:06:49Z
DG0ho-MNGas,店の回ではなさそう,,,二郎系の汁なしはまずい。それってあなたの感想ですよね？,2024-10-12T09:51:44Z
t0yFY6w6QNg,店の回ではなさそう,,,は？麺が5本しか入ってないラーメン？許せねえ・・すすってみた結果→,2024-10-10T10:25:26Z
MQHuTzpr3vg,店名が分からない,,福岡県が出身の妻・佐野しおり氏,【支那そばや】とんでもないことが起こりました。これは事件です。日本一のラーメン店が集まる最強の祭りが開催、これは行くしかない。をすする【飯田商店】SUSURU TV.第3232回,2024-10-09T09:30:09Z
W46g3jZXOyc,店の回ではなさそう,,,【突撃】ラーメンアキネーターがいきなり仕掛けられたらどうなるか検証した結果・・,2024-10-08T10:09:06Z
zydbCrmgBzE,店の回ではなさそう,,,『◯すぞ〜！』でついに警察沙汰になってしまいました〜！,2024-10-05T10:08:55Z
OP0yjqySa84,店の回ではなさそう,,,【二郎系】セブンの新作とみ田豚ラーメンをダブル食いしたらヤバいことになった・・,2024-10-02T09:52:19Z
5omp3ZZTanc,店名が分からない,,東京都中野区中野3-42-2,【二郎系】セブンの豚ラーメンに新しいバージョンが爆誕。禁断のアレンジも試してみた結果…をすする【飯テロ】SUSURU TV.第3224回,2024-10-01T09:30:02Z
yi2UWeP88DA,店名が分からない,,東京都江戸川区平井5-14-7,【濃厚とんこつ豚無双】これでもかって位ドロドロ濃厚な一杯をすすりながら今月特にうまかったラーメンを振り返ります。をすする【飯テロ】SUSURU TV.第3223回,2024-09-30T09:30:30Z
hSzPL9ctqSQ,店の回ではなさそう,,,【俺の動画次第で】ラーメン店の倒産が止まらず過去最多になっているヤバい理由,2024-09-29T10:11:30Z
oT92BauWPb4,店の回ではなさそう,,,替玉は流石に太らない,2024-09-26T09:57:23Z
W764LkJsqSs,店名が分からない,,東京都中野区中野3-42-2,【MV】GOLD RAMEN（SUSURUラーメンフェス名古屋公式テーマソング）,2024-09-25T23:00:14Z
qvq8Lq7B6nw,店名が分からない,,東京都中野区中野3-42-2,【二郎系】全部うまいです。毎日ラーメン男が推しまくる珠玉の厳選ラーメン5杯をご紹介。をすする【SUSURUラーメンフェス名古屋後編】SUSURU TV.第3218回,2024-09-25T09:30:20Z
jAN1BeaDplM,店の回ではなさそう,,,【極ヤワ】カップヌードルを10分放置するとうまいらしいからやってみたらヤバすぎた・・,2024-09-23T09:58:43Z
WJnfMDyhuBk,店の回ではなさそう,,,【二郎系】8年間毎日ラーメン男が選ぶ最強の二郎系ラーメン3選,2024-09-20T09:49:28Z
Iguix16itvw,店名が分からない,,東京都中野区中野3-42-2,【二郎系】大先輩の大物配信者の自宅に押しかけて二郎系ラーメンを無理やり作ってみた結果‥をすする【飯テロ】SUSURU TV.第3213回,2024-09-20T09:30:07Z
WfuiehD58NQ,店名が分からない,,神奈川県足柄下郡湯河原町土肥2-3-16,【飯田商店】日本ナンバーワンの飯田商店を我慢してでもすすりたい、影に隠れた名店がうますぎる‥！をすする【飯テロ】SUSURU TV.第3211回 しあわせ中華そばにこり,2024-09-18T09:30:19Z
O4JCtN7vjuw,店の回ではなさそう,,,【暴露】まずいラーメン店をSUSURUのアカウントから見破る方法,2024-09-17T09:56:20Z
7Mw3Tcf-rCs,店名が分からない,,東京都中野区中野3-42-2,【ラーメン官僚】累計食杯数20000杯超え。日本のラーメンを全て知り尽くす男の一日に密着してみた。をすする【飯テロ】SUSURU TV.第3208回,2024-09-15T09:30:03Z
zRrwpfXA-ZY,店の回ではなさそう,,,ラーメン特化型アキネーター本人がついにやってしまいました‥,2024-09-14T09:53:44Z
QRHO3b8oIuY,店の回ではなさそう,,,ラーメン屋に並んでる奴は全員バカです,2024-09-13T10:04:21Z
13rMITqqlPs,店の回ではなさそう,,,ラーメン特化型アキネーターの全ての質問に「１回調べます」で返してみた結果・・,2024-09-10T09:55:54Z
hwaWbf26E7s,店の回ではなさそう,,,【早◯に三段活用】家系ラーメン禁断の「かため濃いめ多め」をやってみた結果・・,2024-09-07T09:55:39Z
LtV-YmLkIVw,店の回ではなさそう,,,【極ヤワ】チキンラーメンを限界まで煮込み続ける『9分チキンラーメン』がやばい‥,2024-09-05T09:51:37Z
auV8zUhFQbA,店の回ではなさそう,,,【直系二郎大好きマン】全人類で最もラーメン二郎を食ってる男に一日密着した結果・・,2024-09-03T09:55:56Z
WrU30k1BxFI,店の回ではなさそう,,,【何個言える？】二郎のこと何も知らんのか？ラーメン二郎の店舗名を何個言えるかテストしてみたら・・,2024-08-31T09:43:20Z
NgDo1IFrQmc,店名が分からない,,千葉県松戸市小根本51-2,【直系二郎】激ウマラーメンしかない。今年の夏特にウマかったラーメンを全て教えます。をすする【飯テロ】SUSURU TV.第3193回,2024-08-31T09:30:06Z
1SXwVIvSUiA,店の回ではなさそう,,,ラーメン特化型アキネーターVS競馬特化型アキネーター #ウマキんグ,2024-08-28T09:45:00Z
WwXt-un7Elw,店の回ではなさそう,,,二郎系ラーメンは流石に太らない。,2024-08-26T09:45:02Z
_1s15vl-Qhw,店名が分からない,,大阪府大阪市浪速区日本橋5-17-20,【累計25000食】全人類で一番インスタントラーメンを食べた男と、最もうまいインスタントラーメンを決める。をすする【飯テロ】SUSURU TV.第3187回,2024-08-25T09:30:11Z
l4sh5hz9-hg,店の回ではなさそう,,,【二郎】9年毎日ラーメンの男にラーメン二郎タイムショックを出題した結果・・,2024-08-23T09:44:11Z
MVDlSq6hznA,店の回ではなさそう,,,実際どうなの？料理研究家リュウジのカップ麺は本当にうまいのか？,2024-08-21T09:51:13Z
-GJ8-WV8X60,店名が分からない,,東京都中野区中野3-42-2,【即完売】料理研究家リュウジのカップ麺本当にうまいのか？至高の醤油ラーメンを自作ネギとチャーシューで流し込む。をすする 【飯テロ】SUSURU TV.第3182回,2024-08-20T09:30:00Z
uWgUFYG5yZs,店の回ではなさそう,,,【ぼっち】くるまやラーメンはまずい？大食いのすけぼっち飯と最強チェーン店で爆食いした結果‥,2024-08-18T09:55:22Z
E2mFO_z62m8,店の回ではなさそう,,,【右左どっち？】水溜りボンドトミーと選んだ食材だけで料理をしてみたらとんでもないラーメンできた。,2024-08-17T09:54:50Z
AOQ11xBYSl0,店の回ではなさそう,,,【絶対不正解】ラーメンアキネーターが答えを確信した時に「いいえ」を連発してみたら‥,2024-08-15T09:47:02Z
T_FNhrl9hA8,店の回ではなさそう,,,【うまトマ】松屋のうまトマハンバーグをラーメンに乗せたらヤバすぎるアレンジ完成した・・,2024-08-13T10:26:40Z
_eHDMDFdKQI,店名が分からない,,東京都中野区中野3-42-2,【直系二郎大好きマン】年間1000杯超え。全人類で最もラーメン二郎を食ってる男に一日密着した結果・・をすする。【飯テロ】SUSURU TV.第3173回,2024-08-11T09:30:10Z
wxrOMBjfYZc,店の回ではなさそう,,,厨房に入っていってしまいました〜！超美人女子大生の街中華でススルが自分でラーメンを作ってみた結果・・,2024-08-10T10:20:28Z
oBoVVsqlMt4,店の回ではなさそう,,,【東東】現役美人女子大学生の爆盛り町中華に突撃したらボリュームもヤバすぎた‥,2024-08-08T10:25:18Z
CC2wC6ZzkjI,店の回ではなさそう,,,味しない、薄い。塩ラーメンなんて食っても無駄だろw,2024-08-06T10:10:39Z
2gOb5coEvvQ,店名が分からない,,東京都中野区中野3-42-2,【激ウマ】これはうまい、うますぎる。スープ完飲当たり前のラーメンと見たことない太さの極太麺がヤバい。をすする SUSURU TV.第3168回,2024-08-06T09:30:00Z
tVVoLohKGWY,店の回ではなさそう,,,【酒vsラーメン】ラーメン特化型アキネーターが酒飲み女子ゆっけに出題したらヤバい展開になった・・,2024-08-03T09:54:43Z
f9SqY7xwoV0,店の回ではなさそう,,,【家系】ライス特盛の上がヤバすぎる‥これはやりすぎだろ。,2024-08-01T10:05:49Z
NHkgBns72Hs,店名が分からない,,東京都中野区中野3-42-2,【激突】おいおい、大丈夫か‥？味噌と豚骨のナンバーワン店舗を一気に食う。【飯テロ】SUSURU TV.第3163回,2024-08-01T09:30:06Z
BSp5qHB18t4,店名が分からない,,新潟県新潟市西蒲区巻甲4158-2,【家系】日本最高峰のラーメン店を教えます。今年の夏は絶対にここへ行け。お兄さんとの約束だ。をすする【飯テロ】SUSURU TV.第3162回,2024-07-31T09:30:03Z
kjKVyEe9mbg,店の回ではなさそう,,,【二郎系】妻とセブンのデカ豚ラーメンを２杯ぶち込んで激ウマアレンジをしてみたら‥,2024-07-30T10:06:14Z
dbnsP5UGLM0,店の回ではなさそう,,,【替え玉】この替え玉は固すぎる‥。替え玉湯気通しで注文してみたらヤバすぎた‥,2024-07-29T09:55:55Z
qnBvb4c_OTc,店の回ではなさそう,,,【二郎系】全マシコールの二郎系ラーメンをやばいクレーマー＆日体大コールのメンディー兄貴ですすってみた,2024-07-26T09:53:30Z
4Sh8RtAYwTM,店の回ではなさそう,,,【衝撃】８年毎日ラーメン男にラーメンタイムショックを出題した結果・・,2024-07-23T10:10:44Z
IF_-Itgceyw,店の回ではなさそう,,,超高額ですするのサインがメルカリに売られていたことを本人に報告してみたら‥,2024-07-21T09:54:10Z
XNLjiJymPqY,店の回ではなさそう,,,【暴露】SUSURUの年収は3億円らしい‥,2024-07-19T09:49:12Z
PjeK0rQpOho,店の回ではなさそう,,,【背脂ギタギタ】背脂が丼を覆い尽くす最強の背脂ラーメンがヤバすぎた・・,2024-07-17T09:47:42Z
c-x1TDNpsHk,店の回ではなさそう,,,【魁力屋】嫌いなの？一大ラーメンチェーンなのに行ったことないのはヤバすぎる・・,2024-07-15T10:07:41Z
G6CFI38gbl4,店の回ではなさそう,,,【ドッキリ】けーさんとたろーに熱湯をかけられました‥,2024-07-13T09:54:55Z
2j6a9f5aOBQ,店の回ではなさそう,,,【賛否両論】これはあり？なし？ラーメン店主が客のイヤホン使用を禁止したらヤバいことになった・・,2024-07-10T09:48:50Z
8DyAW4Rsn_c,店の回ではなさそう,,,【禁断】まずいラーメンをすすった時のコメントについて本人に直撃してみた結果‥,2024-07-08T09:56:04Z
8BiTdwpo6fA,店の回ではなさそう,,,【何個言える？】こいつは地方を知らなすぎる。当地ラーメン何個言えるかクイズしてみたら‥,2024-07-05T09:50:26Z
pf1ghSmYdAk,店の回ではなさそう,,,【出禁】YouTuber出入り禁止のラーメン店に行ってみたらヤバいことになった‥,2024-07-02T09:49:17Z
6oQz6QXiWZ0,店名が分からない,,茨城県ひたちなか市元町2-4,【家系】これは神です。絶対に行ってください。うますぎる家系ラーメン、つけ麺、油そばを一気に紹介。をすする　【飯テロ】SUSURU TV.第3133回,2024-07-02T09:30:02Z
wRadfbv0lxQ,店の回ではなさそう,,,ラーメン特化型アキネーターがフィッシャーズに出題してみた結果‥,2024-07-01T10:29:04Z
pr-2VH4ixJk,店の回ではなさそう,,,【大盛り】東京で一番うまい油そば教えなかったらチャンネル登録解除する,2024-06-29T10:38:15Z
55JCsTeng0M,店の回ではなさそう,,,【ブチギレ】ラーメンアキネーターの質問を無視し続けてみた結果・・,2024-06-26T09:48:44Z
k3m3Rkj5kSY,店の回ではなさそう,,,【豚無双】やばいクレーマーのSUSURUが濃厚とんこつ豚無双を本気で作ってみた結果・・,2024-06-24T09:50:42Z
1DytRpqRCIc,店の回ではなさそう,,,【二郎系】全マシマシ大食い女子と強制スープ完飲デート,2024-06-21T10:48:12Z
5xhnMq7dP64,店名が分からない,,神奈川県横浜市神奈川区大口通11-5,『濃厚とんこつ豚無双』を本気で作る【やばいクレーマーのSUSURU TV】,2024-06-20T09:30:04Z
TFO_GbnC0R4,店の回ではなさそう,,,【二郎系】う、薄い‥セブンから出た二郎系ラーメン、この味マジでヤバくない・・？,2024-06-19T09:49:42Z
8FdPjgktcS4,店名が分からない,,東京都中野区中野3-42-2,【二郎系】う、薄い‥セブンイレブンさん、ついにやってしまいましたね。これはほんとに大丈夫なのか‥？をすする 【飯テロ】SUSURU TV.第3119回,2024-06-18T09:30:03Z
rgaGsqg6E28,店の回ではなさそう,,,【クソ質問】うんこは食えますか？ #susuru #ラーメン,2024-06-17T09:55:17Z
kdHyr4wAfB4,店の回ではなさそう,,,【全額返金】日本一アンチの多いラーメン店に最強のアンチを連れて行った結果‥ #びわ湖くん #鈴の木,2024-06-15T10:24:04Z
f7_ScvlbGCo,店名が分からない,,京都府京都市左京区一乗寺向畑町17,【魁力屋】お前毎日ラーメンなのに魁力屋行ってなかったのかよ‥引くわ。初めての魁力屋で背脂マシフルセットをすする【飯テロ】SUSURU TV.第3115回,2024-06-14T09:30:12Z
dZzudA0_OV0,店の回ではなさそう,,,【ラーメンvsオムライス】ラーメン特化型アキネーターがオム兄に出題してみたら思わぬ事態になった・・,2024-06-12T10:23:22Z
YtvWxfP-RPU,店の回ではなさそう,,,【二郎系】セブンの二郎系ラーメンをオム兄さんに渡してみたら‥,2024-06-10T09:55:21Z
cjY7WrkjXlw,店の回ではなさそう,,,【家系】絶対にお腹いっぱいにさせます。家系全MAXトッピングがヤバすぎる件‥,2024-06-07T09:57:18Z
SgYdmKbd9Tg,店名が分からない,,東京都杉並区上荻1-10-7,【大食い】こんなに食べてもいいんですか！？無限替玉チャレンジをしてみた結果‥をすする 【飯テロ】SUSURU TV.第3106回,2024-06-05T09:30:15Z
dBahC_XxISI,店の回ではなさそう,,,【絶対無理】架空のラーメン画像で毎日ラーメン男SUSURUにクイズを出したらヤバすぎた・・ #shorts,2024-06-04T09:52:26Z
POwyoLLwDiw,店の回ではなさそう,,,【家系】ウマすぎて禁断のスープ完まくり。これはヤバすぎる・・ #shorts,2024-06-01T09:53:30Z
lVOONTZySWo,店名が分からない,,東京都中野区中野3-42-2,【家系】いま行くべきお店はここです。神ウマラーメンを教えます。をすする　【二郎系】SUSURU TV.第3101回,2024-05-31T09:30:18Z
cC8nyq6mF_g,店の回ではなさそう,,,【いいえ→はい】ラーメン特化型アキネーターに「いいえ」と「はい」を交互に答え続けた結果‥ #shorts,2024-05-29T10:38:48Z
hcONhMz7Lm8,店の回ではなさそう,,,【二郎系】ラーメン店史上最低評価のヤバすぎる二郎系ラーメン店に突撃してみた結果‥ #shorts,2024-05-27T09:54:00Z
hgPSk6N-ZnY,店の回ではなさそう,,,【悲報】やばいクレーマーの息子TV.  #shorts,2024-05-25T10:16:34Z
otumkP8LNk4,店名が分からない,,栃木県佐野市大橋町3234-1,【超絶ボリューム】胃袋におさまらねえよ‥超デカくて分厚いチャーシューがドカドカ乗った史上最強のチャーシューメンがヤバい‥。をすする【飯テロ】SUSURU TV.第3095回,2024-05-25T09:30:21Z
XkyFlmktNOw,店の回ではなさそう,,,【二郎系】水溜りボンドトミーとセブン二郎系アレンジをやってみた結果・・ #shorts,2024-05-23T09:57:55Z
yBQxT5MhAiE,店の回ではなさそう,,,【二郎系】目隠ししてどのコンビニの二郎系ラーメンか当てるクイズをやってみた結果・・ #shorts,2024-05-21T09:52:41Z
42K7sPFZ7QM,店の回ではなさそう,,,【これはアカン】料理研究家リュウジのカップ麺アレンジ本当にうまいの？やってみた結果‥ #shorts,2024-05-18T09:58:51Z
Ww-2VTBTM24,店名が分からない,,東京都中野区中野3-42-2,みなさん、ありがとうございました。,2024-05-17T10:46:27Z
S3kYLvTePuc,店の回ではなさそう,,,【二郎超え】これでもかってくらい超絶濃厚なラーメンがヤバすぎる・・ #shorts,2024-05-15T10:48:27Z
iX9y4ulk8tw,店名が分からない,,神奈川県川崎市多摩区菅稲田堤1-1-2,【超絶濃厚】これでもかってくらい超濃厚、超大盛りのこってりラーメンが完全体になって帰ってきた。をすする【飯テロ】SUSURU TV.第3083回,2024-05-13T09:30:18Z
8N-C0HPR9qc,店の回ではなさそう,,,日本一うまいラーメン行ったことないならチャンネル登録解除する #shorts,2024-05-11T10:05:43Z
C88d4Gnzj3E,店名が分からない,,東京都中野区中野3-42-2,【カロリーMAX】外に出たくない！なので今日は家で中華料理を爆食いします。【飯テロ】,2024-05-10T03:00:10Z
QnrDPbqBbeI,店の回ではなさそう,,,【二郎系】登録解除します。二郎系ラーメンにヤサイなんて要らねえよ。ヤサイ抜きで一番ウマい店教えろ。 #shorts,2024-05-08T09:55:39Z
CHv9v_2fKJU,店の回ではなさそう,,,【二郎系】コンビニの二郎系ラーメンを全部食ってみたら衝撃の事実が発覚した #shorts,2024-05-04T10:04:41Z
16tOmR5y85c,店の回ではなさそう,,,【はい→いいえ】ラーメン特化型アキネーターに「はい」と「いいえ」を交互に答え続けた結果‥ #shorts,2024-05-01T09:37:27Z
jsZ9FFzeuU4,店名が分からない,,東京都中野区中野3-42-2,【二郎系】コンビニ二郎系全部集めてランク付けします。【飯テロ】SUSURU TV.第3070回,2024-04-30T09:34:43Z
O5FNme7dNjY,店名が分からない,,東京都目黒区駒場4-6-8,【二郎系】何でもマシマシにする男と二郎系に行ったら大変なことになった…をすする　SUSURU TV.第3069回,2024-04-29T09:30:06Z
QokC4AMR-bc,店の回ではなさそう,,,【二郎系】おかじゅんと一日マシマシ縛り生活 #shorts,2024-04-28T09:54:28Z
uGWrnPxfEo4,店の回ではなさそう,,,【二郎系】視聴者さんが送ってくれたセブンのデカ豚ラーメン激ウマアレンジ #shorts,2024-04-26T10:00:06Z
XmY_siWiziM,店名が分からない,,福井県福井市大手3丁目11,【家系】セブンの冷凍家系ラーメン実際どうなの？再現できる訳ないよなあ？→検証してみた をすする 【飯テロ】SUSURU TV.第3066回,2024-04-26T09:30:09Z
a8xzeectKpo,店の回ではなさそう,,,【もう倒れてる】ラーメン特化型アキネーターに卓上調味料を最初から倒してやらせた結果‥  #shorts,2024-04-23T09:57:37Z
HrgxBdRjY-c,店名が分からない,,福井県福井市大手3丁目11,【二郎系】超厳選！全国のラーメンをすすってきた男が悩み抜いた最高峰の5店舗をご紹介【SUSURUラーメンフェス福井後編】SUSURU TV.第3062回,2024-04-22T09:30:04Z
YNdmsr9xxrc,店名が分からない,,福井県福井市大手3丁目11,【MV】ラーメン・ソング（SUSURUラーメンフェス福井公式テーマ曲）,2024-04-22T08:00:24Z
hr5fHrxy_fg,店の回ではなさそう,,,【最強パンチ】こんなもん食ったらもう終わり。ジャンクと中毒性の塊。【飯テロ】 #shorts,2024-04-21T09:58:57Z
DIBIDO6H4Wc,店の回ではなさそう,,,【二郎系】セブンのデカ豚ラーメンを２杯一気にすすった結果・・ #shorts,2024-04-16T10:08:51Z
8-tCbsBTel8,店名が分からない,,福井県福井市大手3丁目11,【超厳選】毎日ラーメン男が今どうしてもすすって欲しい珠玉の4店舗をご紹介【SUSURUラーメンフェス福井中編】SUSURU TV.第3055回,2024-04-15T09:30:01Z
lQ693XuXwWs,店の回ではなさそう,,,【戦慄】日本一ヤバいラーメン店に足を踏み入れた結果がとんでもない・・ #shorts,2024-04-13T09:57:01Z
W4WvZ8lg6mI,店名が分からない,,東京都中野区中野3-42-2,【二郎系】パワーアップしたセブンのデカ豚ラーメンをさらにダブルですする。【飯テロ】SUSURU TV.第3051回,2024-04-11T09:30:08Z
hld9zHJKGco,店の回ではなさそう,,,【史上最強アレンジ】中本のカップ麺をカルボナーラ風にアレンジしてみた #shorts,2024-04-10T10:02:51Z
Znutqx0YyLg,店の回ではなさそう,,,【倒れない】ラーメン特化型アキネーターで卓上調味料を接着剤で固定してみた結果‥  #shorts,2024-04-08T09:58:24Z
BNWIYnqQs50,店名が分からない,,福井県福井市大手3丁目11,【超厳選】8年間毎日ラーメンをすすってきた男が今推しまくる4店舗をすする【SUSURUラーメンフェス福井前編】SUSURU TV.第3048回,2024-04-08T09:30:02Z
kSavaCBhb7Y,店の回ではなさそう,,,【二郎系】ナンバーワンの二郎系？ここに決まってんだろ【飯テロ】 #shorts,2024-04-06T10:02:28Z
8y1rnH6RzNo,店の回ではなさそう,,,【事件】妻と実家でラーメンアキネーターやってたら母親が乱入してきた‥ #shorts,2024-04-02T09:56:07Z
3QuenLbqsQw,店名が分からない,,東京都中野区中野3-42-2,150万人いきそう,2024-03-31T08:23:48Z
DkHB4aghlFc,店の回ではなさそう,,,【謝罪】遂に厨房に入ってしまったので本気で皆さんに謝ります #shorts,2024-03-30T09:52:47Z
AVqmgVd0neU,店の回ではなさそう,,,爆盛り二郎系ラーメンを街の人に無料で奢ってみたら・・【カズさん】 #shorts,2024-03-27T09:58:05Z
CPow734RoNs,店の回ではなさそう,,,本当に合うの？中本のカップ麺に納豆を入れてみた結果‥ #shorts,2024-03-25T09:55:58Z
Hw6FdlkSyWU,店の回ではなさそう,,,SUSURUのラーメンに洗剤ぶち込んでみた結果・・ #shorts,2024-03-23T09:52:55Z
7GxrNhlRDOs,店の回ではなさそう,,,【二郎系】絶対にマシマシと言ってはいけないラーメン店に行ってみた結果・・ #shorts,2024-03-19T10:24:35Z
jE5Bnh5F2cY,店の回ではなさそう,,,【激ウマ】チャーシューメン？ラーメンに肉なんて要らないだろ。 #shorts,2024-03-16T09:54:12Z
H3J6-RG5zjY,店の回ではなさそう,,,バキバキ童貞とやばいクレーマーがラーメン特化型アキネーターやってみた結果‥ #shorts,2024-03-13T10:03:07Z
jMSKyJdxXB4,店の回ではなさそう,,,【超難問】ラーメン画像クイズ！画像だけで店名を当てろ【9年毎日ラーメン男】 #shorts,2024-03-11T10:32:12Z
K87sySiZic8,店の回ではなさそう,,,【二郎系】彼女にフラれたのでヤケ食いさせてください #shorts,2024-03-08T09:54:40Z
VSqZD1JOC6U,店名が分からない,,東京都中野区中野3-42-2,たまにはラーメン以外もいいですか？妻に作ってもらう昼飯がウマいんです。,2024-03-08T03:00:26Z
_G2a1qZSDxc,店の回ではなさそう,,,【全部「はい」】ラーメン特化型アキネーターに「はい」だけ答え続けた結果‥ #shorts,2024-03-06T10:23:41Z
Njx71BbenMw,店の回ではなさそう,,,ギタギタって名前のヤバいラーメン店行ったらチャンネル登録する→行ってみた結果・・・ #shorts,2024-03-01T09:55:21Z
cPtFi2mshLA,店の回ではなさそう,,,【激ウマアレンジ】中本のカップ麺にカマンベールチーズを丸ごと入れるとうまいらしい‥ #shorts,2024-02-28T09:54:25Z
SNQf3gHj44Q,店名が分からない,,香川県三豊市三野町大見3873-1,【ナンバーワン】うどんばっかり食ってる場合じゃねえぞ！ここのラーメンを食べてください。香川県最強のラーメン。をすする。【飯テロ】SUSURU TV.第3006回,2024-02-26T09:30:14Z
Ji4n9-fi0dk,店の回ではなさそう,,,【鈴の木】日本一アンチが多いりゅう社長とアキネーターゲームをやってみた結果【癒着丼】 #shorts,2024-02-24T10:07:23Z
nboJjDA1ecA,店の回ではなさそう,,,【最強アレンジ】セブンで中本のカップ麺を激ウマにアレンジする方法 #shorts,2024-02-21T09:58:42Z
gA7BRMj9BGg,店名が分からない,,東京都中野区中野3-42-2,【カップ麺】今すぐコンビニで買えるカップ麺を全て食う。一番うまいのはどれだ！？をすする【飯テロ】SUSURU TV.第3001回,2024-02-21T09:30:10Z
jgZeSS6d53o,店の回ではなさそう,,,【倒して正解】ラーメン特化型アキネーターに答え「卓上調味料」で出題してみた結果‥ #shorts,2024-02-19T09:50:41Z
TtL3cG-3adE,店の回ではなさそう,,,１杯100円のラーメンあるから食べてこい→調査してみた結果・・　#shorts,2024-02-17T10:06:20Z
wNsfsM6z7PQ,店の回ではなさそう,,,【野猿二郎】1分でラーメンを当てるラーメン特化型アキネーターゲームをやってみたら・・ #shorts,2024-02-15T09:50:31Z
-H8VpJFvGd4,店の回ではなさそう,,,【猫ミーム】ラーメン二郎に行く日のSUSURUがこれ #shorts #susuru  #猫ミーム,2024-02-13T10:05:40Z
6DMJ_1czkJA,店名が分からない,,山形県新庄市沖の町3-20,【優勝】腕が上がらなくなるほど重い極太麺まぜそばがヤバい。麺とタレを絡めまくってシメにライス投入。をすする【飯テロ】SUSURU TV.第2992回,2024-02-12T09:30:02Z
ft3NHaK-MIc,店の回ではなさそう,,,【たすくvsアノニマス】ラーメン特化型アキネーターが出題してみたら・・ #shorts,2024-02-11T10:09:51Z
Ypl8Kjy8sq4,店名が分からない,,栃木県下野市小金井2438,【レストラン倉井】ラーメンはスープです。ニンニク塗りつけて食うホルモン定食がヤバい店で腹いっぱい食う。をすする,2024-02-10T10:23:47Z
ILHatlgZJS0,店の回ではなさそう,,,【まんぷく家】1分でラーメンを当てるラーメン特化型アキネーターゲームをやってみたら・・ #shorts,2024-02-08T10:03:56Z
oVh7bJ2GPgI,店の回ではなさそう,,,【やばいクレーマー】SUSURUに突然「濃厚とんこつ豚無双」のトッピングだけ伝えてみたら・・　#shorts,2024-02-06T09:58:47Z
VtLivXpv45I,店名が分からない,,東京都中野区中野3-42-2,【絶対見て】毎日ラーメン男が今まで１番美味かったラーメンを発表します【SRY2023】,2024-02-06T04:00:11Z
-3hCbf3QGa4,店の回ではなさそう,,,【神ウマ】最強の二郎系ラーメン教えたらチャンネル登録してやるよ【飯テロ】 #shorts,2024-02-04T09:52:20Z
fKszCdZlP10,店の回ではなさそう,,,【ラーメン二郎】8年毎日ラーメン男が突然トッピングだけ言われたら店名当てられる？　#shorts,2024-02-02T10:04:20Z
pEb_be9Xa_k,店の回ではなさそう,,,つけ麺なんてただのラーメンの出来損ないだろw #shorts,2024-01-31T09:55:48Z
j__8eJW7l0w,店の回ではなさそう,,,【まさかの】ラーメン特化型アキネーターゲームを答え「出題者」で出題してみた結果‥ #shorts,2024-01-30T09:58:58Z
zphte6sa1bk,店名が分からない,,福井市中央公園,SUSURUより大事なご報告があります,2024-01-30T03:00:38Z
gPhD9jaRq1k,店の回ではなさそう,,,『一蘭でトッピング全乗せ全MAXしたらチャンネル登録する』→ やってみた結果・・　#shorts,2024-01-27T10:03:42Z
1TmWMqkoz_4,店名が分からない,,東京都千代田区神田須田町2-11-3,【食べ過ぎ】大阪王将で限界突破！妻と一緒にカロリー爆乗せで喰らいまくる。をすする 【飯テロ】SUSURU TV.第2976回,2024-01-27T09:30:01Z
eIOkFBvkQv8,店の回ではなさそう,,,【世界最速】ラーメン特化型アキネーターに答え「ラーメン」で出題してみた結果‥ #shorts #susuru,2024-01-22T10:03:53Z
VEZ9pV9W8TI,店の回ではなさそう,,,【日高屋】1分でラーメンを当てるラーメン特化型アキネーターゲームやってみたら‥ #shorts #susuru,2024-01-20T10:03:32Z
JFo4dTrjqEI,店の回ではなさそう,,,やばいクレーマーのSUSURU TV. に関する雑学５選 #susuru #shorts,2024-01-18T09:54:28Z
Kw6IjTNDUAI,店の回ではなさそう,,,二郎系？どこ行っても味変わんねえだろ #shorts,2024-01-16T10:16:02Z
gg_BP4Pvttc,店名が分からない,,神奈川県横浜市港北区新横浜2-14-21,【すみれ】ここを超える味噌ラーメンはない。何回食べてもうまい、そして熱い。札幌味噌ラーメンの元祖。をすする【飯テロ】SUSURU TV.第2964回,2024-01-15T09:30:22Z
cg78ral6Ryk,店の回ではなさそう,,,【牛丼ラーメン】吉野家のラーメン屋さんって知ってる？潜入してみた結果・・ #shorts,2024-01-13T09:57:53Z
mQeGnFoKEsc,店の回ではなさそう,,,【最強アレンジ】セブンのカップ麺に金の角煮を入れるとうまいらしいのでやってみた結果‥ #shorts,2024-01-10T10:08:36Z
PZ8QjdW_ooc,店名が分からない,,東京都中野区中野3-42-2,【家系】やっぱ家系は最高だよなあ！米が進みまくる2023年SUSURUがすすった家系全部まとめ【総集編2023】,2024-01-09T04:00:10Z
s3SDS77oj2o,店の回ではなさそう,,,【二郎系】画像だけで店名を当てろ【８年毎日ラーメン男】 #shorts,2024-01-08T10:12:02Z
N5Va6XHg4kQ,店の回ではなさそう,,,【チャーハンニキ】一度に五皿のチャーハンを一気に作るチャーハン職人が凄すぎる・・ #shorts,2024-01-06T09:23:29Z
V48yjLGOtHU,店名が分からない,,栃木県宇都宮市西川田本町3-9-8,【背脂】寿命縮めてもこれを食いたい‥！ギタギタを超えるアブラまみれの一杯がヤバすぎる。をすする SUSURU TV.第2954回 ラーメン ギタギタ,2024-01-05T09:30:13Z
t6Sxipa43mw,店の回ではなさそう,,,【二郎系】お客さんをクソ素人呼ばわりして大炎上→屋号剝奪。『店を畳め埼玉』と揶揄されたお店の現在・・ #shorts,2024-01-04T10:02:35Z
LLWnk9fl7Pk,店名が分からない,,神奈川県横浜市青葉区桜台26-1,【美味すぎ注意】このために生きてきた‥！あまりにも美味すぎる究極の醤油ラーメン！本当に生きててよかった。今年も最高です。をすする　SUSURU TV.第2952回,2024-01-03T09:30:08Z
-Ma5ZdK53FE,店の回ではなさそう,,,ラーメンYouTuber SUSURUの雑学4選 #susuru #shorts,2024-01-02T10:22:55Z
bUgH5IqJEDE,店名が分からない,,東京都中野区中野3-42-2,去年最高だったやつ。あぁ～これめっちゃ美味かったな～。去年感動した家ラーメンで新年を迎えたいをすする　SUSURU TV.第2951回,2024-01-02T09:30:10Z
yRZN-fwishM,店名が分からない,,東京都中野区中野3-42-2,【あけおめ】1000円を妻に渡してラーメンを作ってもらった。をすする。【飯テロ】SUSURU TV.第2950回,2024-01-01T09:30:15Z
DHYp84RSG-s,店名が分からない,,東京都中野区中野3-42-2,【二郎系まとめ】SUSURUが今年すすった二郎系を全てまとめてみました【2023総集編】,2023-12-31T10:59:34Z
oGHuK9V-F5o,店の回ではなさそう,,,【幸楽苑】1分でラーメンを当てるラーメン特化型アキネーターゲームやってみたら‥ #shorts #susuru,2023-12-31T10:02:23Z
WWfLvAfp5K8,店名が分からない,,東京都千代田区神田神保町2-2-12,【ありがとう】うまいものほど身体に悪いのはわかってるけど好きだからヤバいんだよな。今年もありがとうございました。ラストを締めくくる最強のラーメン。をすする【飯テロ】SUSURU TV.第2949回,2023-12-31T09:30:15Z
Gmb5mak8R8c,店の回ではなさそう,,,【ミスド】ラーメン特化型アキネーターにラーメン以外を出題してみた結果‥ #shorts,2023-12-28T09:38:01Z
PFF3R8kCx94,店名が分からない,,福岡県福岡市中央区渡辺通1-8-25,【コスパの鬼】やっぱ最強ですわ‥。ラーメン餃子チャーハンで780円？豚骨の本場福岡行ったら食いまくるしかねえよなあ！をすする SUSURU TV.第2945回,2023-12-27T09:30:06Z
dlO5YEG3xvI,店名が分からない,,東京都中野区中野3-42-2,【ちょめめ総集編】今年すすったラーメンのちょめめ（超美味い）ラーメン店舗まとめました。【2023】,2023-12-26T11:45:04Z
f_iiAsb6sq4,店の回ではなさそう,,,なめてんの？麺の上に卵だけだし立ち食いってどういうこと‥？結果→ #shorts,2023-12-25T10:30:11Z
aE2Q0Sg24WE,店の回ではなさそう,,,【デカ盛り】チャーハン注文するとラーメンが無料でついてくるお店に行ってみて。行かなかったら◯すぞ。 #shorts #susuru,2023-12-21T10:00:00Z
qmQK4eaaMco,店の回ではなさそう,,,【家系ラーメン】画像だけで店名を当てろ【８年毎日ラーメン男】 #shorts,2023-12-18T10:00:37Z
0PLMvUWpcRI,店名が分からない,,東京都中野区中野3-42-2,【ふざけんな】有り得ねえだろ。1箱2000円のラーメン？正直に言わせてもらってもいいですか？をすする　SUSURU TV.第2936回,2023-12-18T09:30:00Z
Y29jGM2Hm94,店の回ではなさそう,,,【超激辛】水なしで中本の北極ラーメンスープ全部飲んだらチャンネル登録してやるよに挑戦した結果・・ #shorts #susuru,2023-12-16T10:56:26Z
uizb90b2U8s,店の回ではなさそう,,,【チキンラーメン】インスタントラーメン特化型アキネーター #shorts #susuru,2023-12-15T10:12:27Z
sx55-r9o0fE,店の回ではなさそう,,,ぷろたん127人リストを見たがるラーメン特化型アキネーター #shorts,2023-12-11T10:00:41Z
m6E8XkFPGlA,店の回ではなさそう,,,は？行列？二郎系なんて並んでまで食うもんじゃないだろ【爆盛り】  #shorts,2023-12-09T10:00:26Z
yGx_DMsDnSM,店名が分からない,,茨城県牛久市中根町270-3,【山岡家】お前さあ、特製味噌背脂変更で食ってみろよ。脳みそ吹き飛ぶくらいうまいぞ。←実際にやってみた結果‥をすする SUSURU TV.第2927回,2023-12-09T09:30:16Z
sDHsXPtCHU4,店の回ではなさそう,,,山岡家の一番うまいメニューは結局なんなの？ #susuru  #shorts,2023-12-06T10:00:42Z
hCzLQ8dm3BY,店の回ではなさそう,,,【大岩亭】1分でラーメンを当てるラーメン特化型アキネーターゲームをやってみたら・・ #shorts,2023-12-04T10:05:37Z
XZleRa931yI,店の回ではなさそう,,,【仙台っ子】かっつー激推しのラーメン店に連れて行ってもらった結果・・ #shorts,2023-11-30T10:00:27Z
ErhgGK1_yFs,店の回ではなさそう,,,【くるまやラーメン】1分でラーメンを当てるラーメン特化型アキネーターゲームやってみたら‥ #shorts #susuru,2023-11-27T10:00:09Z
QRph95Kdg9Q,店名が分からない,,埼玉県入間市野田642-6,【並が大盛り】並を注文する時は注意してください。タライくらいデカい丼に大量の麺が入る。人間国宝級の湯切りによる大盛り煮干しラーメンがヤバい。をすする【飯テロ】SUSURU TV.第2914回,2023-11-26T09:30:08Z
7m1G5LGPang,店の回ではなさそう,,,【マジかよ】ラーメン特化型アキネーターにラーメン以外を出題してみた結果‥#shorts,2023-11-25T10:00:09Z
Vb3vjKLES-k,店の回ではなさそう,,,【吉村家】1分でラーメンを当てるラーメン特化型アキネーターゲームをやってみたら・・ #shorts,2023-11-23T10:00:23Z
cjWF1eousbs,店の回ではなさそう,,,【質問】あそこの皮もずるずるですか？　#shorts #susuru #ラーメン,2023-11-21T09:13:05Z
aY3rE2zoqvc,店名が分からない,,新潟県新潟市西蒲区竹野町2454-1,【限界カロリー】諦めたら試合終了だ。俺についてこい。24時間でラーメンを食べ尽くすヤバい旅。をすする【飯テロ】SUSURU TV.第2906回,2023-11-18T09:30:00Z
ySnY3Em32kU,店の回ではなさそう,,,【二郎系】残したら罰金1万円の大ラーメンがヤバすぎた‥ #susuru #shorts #ラーメン工藤,2023-11-18T08:00:34Z
RN1ZhO6Oc9c,店の回ではなさそう,,,【ラーメン二郎】画像だけで店名を当てろ【８年毎日ラーメン男】 #shorts,2023-11-14T10:48:50Z
xCv73VePHG8,店名が分からない,,東京都中野区中野3-42-2,コンビニで今すぐ買えます。急げ。ラーメンとつけ麺の日本一のコラボが実現してしまいました。をすする【飯テロ】SUSURU TV.第2901回,2023-11-13T09:30:14Z
XfMiI_un-qA,店名が分からない,,大阪府吹田市岸辺南1-24-8,【二郎系】大ラーメン残したら罰金一万円の二郎系ラーメン店で、食べきれなかったら即引退します。 ラーメン工藤【最終回】SUSURU TV.第2900回,2023-11-12T09:30:14Z
exhzZggJInE,店の回ではなさそう,,,８年毎日ラーメン男はラーメンの画像だけで店名を当てられる？【丼顔クイズ】 #shorts,2023-11-10T08:35:59Z
Qve8IVSkHfs,店の回ではなさそう,,,【みそきん】カップラーメン特化型アキネーター #shorts #susuru,2023-11-08T08:00:20Z
GZQMMM_9xzM,店の回ではなさそう,,,二郎系はまずい。大盛りなだけで味音痴の塊だろ #shorts,2023-11-06T10:51:51Z
k9Lxxzi80CE,店の回ではなさそう,,,カップラーメン特化型アキネーター #shorts #susuru,2023-11-03T09:58:30Z
S5ahUozhAqU,店の回ではなさそう,,,８年毎日ラーメン男にラーメンの画像だけで店名を当てさせたらヤバすぎた・・【丼顔クイズ】 #shorts,2023-11-01T10:00:29Z
aLixM9c-zNs,店の回ではなさそう,,,【ラーメン二郎②】8年毎日ラーメン男が突然トッピングだけ言われたら店名わかる？　#shorts,2023-10-30T08:49:48Z
I1h91BrjZaM,店名が分からない,,東京都新宿区新宿1-13-7,【圧倒的感謝】本当にありがとうございました。8年間、YouTubeをやってきて最高の体験ができました。みんな、ありがとう！！をすする SUSURU TV.第2886回,2023-10-29T09:30:03Z
h1OPs_kHRYQ,店の回ではなさそう,,,【山岡家編】1分でラーメンを当てるラーメン特化型アキネーターゲームやってみたら‥ #shorts #susuru,2023-10-28T08:00:31Z
VJf7xekzjp0,店の回ではなさそう,,,【ラーメン二郎】8年毎日ラーメン男が突然トッピングだけ言われたら店名わかる？　#shorts,2023-10-26T08:00:23Z
L2tQmP5O2Vs,店の回ではなさそう,,,「二郎系大盛り全マシ完食したらチャンネル登録してやるよ」に挑戦した結果・・ #shorts #susuru,2023-10-25T08:06:12Z
2kzwpZaJuH8,店の回ではなさそう,,,1分でラーメンを当てるラーメン特化型アキネーターにラーメン以外を出題したら‥ #shorts #susuru,2023-10-22T08:00:04Z
R8a-_1dy7Ko,店の回ではなさそう,,,【バキ童】バキバキ童貞と二郎系行ったら衝撃事実が判明してしまいました‥ #shorts,2023-10-20T08:58:36Z
dwzdXYLdLW4,店の回ではなさそう,,,【やばいクレーマーのSUSURU編】1分でラーメンを当てるラーメン特化型アキネーターゲームやってみたら‥ #shorts #susuru,2023-10-17T08:30:08Z
94Qg0WV2zag,店の回ではなさそう,,,【闇深】元バイトAKBのラーメン店の現在がヤバすぎる件‥  #shorts  #susuru,2023-10-14T08:30:02Z
Fm3WG7xaTZE,店の回ではなさそう,,,【チェーン店編】1分でラーメンを当てるラーメン特化型アキネーターゲームやってみたら‥ #shorts #susuru,2023-10-10T08:30:05Z
l8o5rctj6-o,店の回ではなさそう,,,【上級編】1分でラーメンを当てるラーメン特化型アキネーターゲームやってみたら‥ #shorts #susuru,2023-10-08T08:30:13Z
uCNFCzJ2ztY,店名が分からない,,東京都中野区中央2-2-1,家系ラーメンってまずくない？#shorts #susuru,2023-10-06T08:30:26Z
UU-27zvaBkY,店名が分からない,,富山県富山市本丸1−1,【超厳選】4000杯の中から毎日ラーメン男が超悩んで選んだ5店舗をすする【SUSURUラーメンフェス富山後編】　SUSURU TV.第2862回,2023-10-05T11:00:31Z
LSFX9elprCI,店の回ではなさそう,,,【ラーメン二郎編】1分でラーメンを当てるラーメン特化型アキネーターゲームやってみたら‥ #shorts #susuru,2023-10-03T08:31:19Z
4rS8-b-NPuQ,店名が分からない,,東京都中野区中野3-42-2,【とみ田】「鍋二郎」ならぬ「鍋とみ田」をやってみたら超濃厚で美味くて毎日やりたい！をすする SUSURU TV.第2857回,2023-09-30T09:30:02Z
mrNR0ntk3gE,店の回ではなさそう,,,1分でラーメンを当てるラーメン特化型アキネーターゲームやってみたら‥ #shorts #susuru,2023-09-30T08:00:32Z
SmpijTlHypg,店の回ではなさそう,,,【ムズすぎ】毎日ラーメン男に１分でラーメン店を当てるアキネーターゲームやらせてみた #shorts #susuru,2023-09-27T10:30:08Z
oOnoH0wy6vg,店名が分からない,,大阪府大阪市淀川区十三本町2-1-6,はあ？なめてんの？麺だけで1000円のラーメン？許せねえ‥結果→ #shorts,2023-09-23T08:00:23Z
ajK0wKCYZjY,店の回ではなさそう,,,【鈴の木】マズかったら全額返金！おいしかったらもう一杯。チャーシューなしの油そば #shorts #鈴の木,2023-09-21T10:30:01Z
d42tm8cailo,店名が分からない,,富山県富山市本丸1−1,【超厳選】ここは間違いない！毎日ラーメンをすする男が選んだ5店舗をすする【SUSURUラーメンフェス富山前編】　SUSURU TV.第2847回,2023-09-20T10:32:01Z
CKpCXg8JFx8,店名が分からない,,埼玉県北足立郡伊奈町栄1-93,替玉が店内を飛び回るラーメン店がヤバ過ぎた‥！ #shorts #susuru,2023-09-20T08:00:08Z
PvaKIKQUjJI,店名が分からない,,茨城県牛久市中根町270-3,【山岡家】何で山岡家には行かないんですか？嫌いなんですか？ #shorts #susuru,2023-09-16T08:00:10Z
5iJ3sbtMq6Q,店名が分からない,,青森県青森市横内神田39-4,おいバカwwラーメン好きならスープ飲み干せww #shorts #susuru,2023-09-14T08:00:02Z
G2Cxk2R9QXQ,店の回ではなさそう,,,【炎上】「背脂増したら100円取られた」で大問題になっている件について‥ #susuru #shorts,2023-09-09T10:30:09Z
nemPqBAJEKs,店の回ではなさそう,,,【衝撃】超人気ラーメン店が裁判を起こした。なんでなん？ #shorts #susuru,2023-09-06T10:30:24Z
_8WXG44dMz0,店名が分からない,,東京都八王子市子安町1-30-6,東京のラーメンなんて高くてまずいだけだろw #shorts #susuru,2023-09-04T10:30:10Z
AQPXoIHXQYI,店名が分からない,,東京都中野区中野3-42-2,【深夜ラーメン】夜にラーメン食べたら太る。そんなことはわかっていても食べたい日はあるんだよなあ。をすする　SUSURU TV.第2829回,2023-09-02T09:30:02Z
sZ0E52XOukw,店名が分からない,,東京都中野区中野3-42-2,【史上最多ラーメン】全部美味いの確定のすごいラーメンたちをすする　SUSURU TV.第2818回,2023-08-22T09:30:23Z
m24xVeQkrWA,店名が分からない,,福島県西白河郡矢吹町八幡町834-1,【ラーメン官僚】もう食えないなんて言わせませんよ。男二人の無限ラーメン旅で大当たり連発！うますぎるラーメンたち。をすする【飯テロ】SUSURU TV.第2808回,2023-08-12T09:30:26Z
FxW3mgwLl60,店名が分からない,,東京都中野区中野3-42-2,【寿命短め】あんた死ぬわよ？現役医師団にSUSURUの生活をチェックしてもらった結果がヤバすぎる。,2023-08-10T09:30:04Z
tJaAacyPIrk,店名が分からない,,千葉県佐倉市井野1485,【家系】創業からのスープは全部捨てました‥泥棒に押し入られ券売機強奪。犯人は許せない。武道家 心【飯テロ】SUSURU TV.第2805回,2023-08-09T09:30:24Z
Zm-GRYqSbgU,店名が分からない,,東京都中野区中野3-42-2,【価格破壊】280円二郎系ラーメンがヤバすぎる‥ありえない価格でラーメンがすすれるらしいけどマジ？ をすする【ごっつ バリ男】SUSURU TV.第2792回,2023-07-28T09:30:07Z
unCgdBamoT4,店名が分からない,,東京都中野区中野3-42-2,【格付け】コンビニ大手の冷やし中華、どれが一番うまいのかを決めます。をすする【飯テロ】SUSURU TV.第2789回,2023-07-24T09:30:24Z
cCbC4YhvpmU,店名が分からない,,千葉県松戸市松戸1339,【とみ田】麺につけ汁をぶっかけてそのまま食う男、もこうにつけ麺の食べ方を教えてみた。をすする【飯テロ】SUSURU TV.第2787回,2023-07-22T09:30:19Z
yMCDMHfolbQ,店名が分からない,,富山県富山市本丸1−1,SUSURUより大事なお知らせ,2023-07-15T03:00:36Z
gEYTsaEtnNs,店名が分からない,,京都府京都市上京区西五辻東町74-2,【1日ラーメン旅】完まくり！名店から新店まで京都をはんなりと巡ってラーメンを食べ尽くす。【飯テロ】SUSURU TV.第2776回,2023-07-11T12:14:23Z
tlpw_tQTQgk,店名が分からない,,神奈川県大和市南林間2-3-5,【完まくり】あり得ないだろ‥ウマすぎてラーメン評論家が二日連続で行ってしまうほどの新店をすする【飯テロ】SUSURU TV.第2775回,2023-07-10T09:30:11Z
GfLLX0n_GUk,店名が分からない,,東京都千代田区神田小川町1-4,つけ麺を麺だけで食べるやつはバカです。意味ないから。バカじゃねえのと思うよ。について。,2023-07-09T10:08:02Z
4eM1H_ZaGvw,店名が分からない,,神奈川県川崎市川崎区池上新町2-4-13,【魔境】食べログは当てにならない。まずい？うまい？評価3.5未満のお店に名店が眠っているらしいので行ってみた。をすする【飯テロ】SUSURU TV.第2767回,2023-07-02T09:30:01Z
Lc-nnpHcXV4,店名が分からない,,東京都中野区中野3-42-2,もうお店に行く必要はありません。自宅でめちゃうまいラーメンが食べられる時代になりました。をすする【宅麺.com】SUSURU TV.2727日目,2023-05-23T09:30:09Z
HoPWMthnA_c,店名が分からない,,東京都中野区中野3-42-2,【極秘】このお店は教えられません。コアなラーメンファンだけが集う激辛チャーシューメン。をすする【飯テロ】SUSURU TV.第2723回,2023-05-19T09:30:09Z
HHu5DgD9clo,店名が分からない,,東京都中野区中野3-42-2,ヒカキン、やってくれたな。,2023-05-10T09:30:05Z
yQRnjVul2go,店名が分からない,,東京都中野区中野3-42-2,一番うまいラーメンの食べ方を教えます。サウナで極限まで塩分を抜いてから食うラーメンさん、うますぎる。をすする SUSURU TV.第2701回,2023-04-27T09:30:15Z
MqSX-NYDWAI,店名が分からない,,東京都中野区中野3-42-2,【謝罪】今回の件について、謝罪をさせてください。,2023-04-24T09:30:10Z
TNwUcnSY9qw,店名が分からない,,東京都新宿区歌舞伎町1-10-11,【10000カロリー】大食い女子と同じ食生活を送ってみたら、1日に食べる量がエグすぎました‥をすする【飯テロ】SUSURU TV.第2696回,2023-04-22T09:30:06Z
PZFhtHAsZwA,店名が分からない,,東京都中野区中野3-42-2,【セブン】とみ田デカ豚ラーメンがワシワシMAXに進化！もはやコンビニのレベルじゃない。をすする【飯テロ】SUSURU TV.第2692回,2023-04-18T09:30:09Z
wMie8ZnSRiI,店名が分からない,,山梨県甲府市上町2093,【ラーメン官僚】年間700杯食べるラーメン界最強の男と一緒にラーメン屋さんを回ってきた。をすする【飯テロ】SUSURU TV.第2686回,2023-04-12T10:09:46Z
9cKq3yOe-Sg,店名が分からない,,大阪府大阪市淀川区西中島1-12-15,お待たせしました。俺、ラーメン屋さん開きます。【AF】人類みな麺類 SUSURU TV.第2675回,2023-04-01T09:30:02Z
tayEu0T52JU,店名が分からない,,東京都中野区中野3-42-2,【麺処ほん田】家にラーメン屋呼んじゃえば最強じゃね？をすする　SUSURU TV.第2670回,2023-03-27T09:30:08Z
0FU-yAUGS5g,店名が分からない,,東京都新宿区山吹町362,【ちょめめ】ラーメン残すなよ？秋元康先生を連れて東京ナンバーワンのお店を連食しました。をすするSUSURU TV.第2666回,2023-03-23T10:43:05Z
YRgSofSqVYk,店名が分からない,,東京都中野区中野3-42-2,【ご報告】深夜の不健康メシ、大量のコンビニラーメンと一緒にご報告させてください。をすする  【飯テロ】SUSURU TV.第2642回,2023-02-27T09:30:10Z
SroyFXjitFE,店名が分からない,,埼玉県所沢市東狭山ヶ丘1-17-16,【スープドロドロ決壊】どこから食えばええんや‥あふれるスープと日本昔ばなし盛りライス。元祖スタミナ満点らーめんすず鬼 狭山ヶ丘分店【飯テロ】SUSURU TV. 第2632回,2023-02-17T09:30:05Z
yGCNzf6EwzI,店名が分からない,,福岡県北九州市八幡西区三ケ森2-3-28,ラーメン食うってレベルじゃねえぞ！今にも崩れそうなラーメン屋がディープすぎる。をすする 【飯テロ】SUSURU TV.第2619回,2023-02-04T09:50:02Z
vXBTvt288mc,店名が分からない,,鹿児島県霧島市溝辺町麓308-3,【福岡・鹿児島】もう豚骨いらない‥豚骨ラーメン生みの親、九州の豚骨ラーメンを限界まですする 【飯テロ】SUSURU TV.第2616回,2023-02-01T09:30:13Z
OoFOnNIBLqg,店名が分からない,,神奈川県横浜市神奈川区鶴屋町2-12-1,【横浜】吉村家と肩を並べる横浜のナンバー2。20年以上行列を作るラーメンをすする SUSURU TV.第2613回,2023-01-29T09:30:04Z
2NFVF7Trlno,店名が分からない,,東京都中野区中野3-42-2,毎日ラーメン男の2022年ベストラーメンを発表します【SRY2022】,2023-01-28T03:00:01Z
KMfks4MTG_M,店名が分からない,,神奈川県相模原市緑区橋本2-2-13,【二郎出身】なんだコレェ！！ウメエ！超濃厚なとんこつスープの中には、ワシワシとした食感の極太麺が入っていました。をすする SUSURU TV.第2601回,2023-01-17T09:30:06Z
Qormmu-qLFU,店名が分からない,,茨城県古河市大山564-5,ウソだろwww『インスタントラーメンが3倍うまくなる方法』を試してみた結果‥をすする 【飯テロ】SUSURU TV.第2586回,2023-01-02T09:30:03Z
sJL45KcC03Q,店名が分からない,,東京都中野区中野3-42-2 SUSURU宛 まで!,【激辛総集編】蒙古タンメン中本をすすった1年間をまとめてみた【12杯】,2022-12-30T12:30:30Z
2VKxuQ-Y_bU,店名が分からない,,東京都中野区中野3-42-2 SUSURU宛 まで!,【二郎系総集編】SUSURUが今年すすった二郎系ラーメン全部まとめてみた,2022-12-29T05:30:00Z
9Fne7XoTtPo,店名が分からない,,東京都中野区中野3-42-2,【家系】ライスを止めるな。SUSURUが2022年にすすった家系ラーメン総集編,2022-12-25T04:30:02Z
ex5cmuuOA6k,店名が分からない,,東京都中野区中野3-42-2,【ラーメン変態】SUSURUのラーメン人生を変えた12店舗を好きなだけ語らせてくれ！,2022-12-20T03:00:20Z
sYFgFC-3BPE,店名が分からない,,東京都中野区中野3-42-2,【総集編】SUSURUが2022年特に美味かったラーメン15店舗まとめ【ちょめめ】,2022-12-15T03:00:25Z
OBG-LxdWVKY,店名が分からない,,東京都中野区中野3-42-2,【禁断の深夜ラーメン】腹減った‥炭水化物まみれの深夜の背徳飯をすする 【飯テロ】SUSURU TV.第2555回,2022-12-02T09:30:04Z
zjBZDJpAwFo,店名が分からない,,東京都調布市菊野台1-55-1,【大食い】今年最注目！ラーメン界で1番話題になったお店で2杯とライス。手打麺祭 かめ囲【ラーメン】SUSURU TV.第2543回,2022-11-20T09:30:20Z
afheaLJwXW8,店名が分からない,,福島県白河市鬼越44-16,【白河ラーメン】『究極のチャーシューメン』があると聞いて2時間半かけて来たら本物だった 火風鼎【ラーメン】SUSURU TV.第2536回,2022-11-13T09:30:00Z
wTD1XBuay5c,店名が分からない,,東京都中野区中野3-42-2,【引越しました】新居でコンビニラーメン祭りを自宅開催してみた。をすする【セブンイレブン】SUSURU TV.第2529回,2022-11-06T09:30:12Z
beg3YMpUR8I,店名が分からない,,東京都中野区中野3-42-2,7年間毎日ラーメンをすすった男が人間ドック行って来た結果,2022-11-06T03:30:08Z
mGeNJjMnXXo,店名が分からない,,東京都台東区柳橋1-3-6,一風堂の「本舗」って知ってる？本気のラーメンすすり比べ！をすする【飯テロ】SUSURU TV.第2482回,2022-09-20T09:30:13Z
48Ri0shb1zU,店名が分からない,,東京都中野区中野3-42-2,【MV】みんなのラーメン（夕闇に誘いし漆黒の天使達ver.),2022-09-02T12:30:12Z
shNkAGa5t4o,店名が分からない,,東京都中野区中野3-42-2,【とみ田】セブンイレブンのとみ田監修冷やしつけ麺をもっとおいしくすする方法があると話題に。をすする 【飯テロ】SUSURU TV.第2441回,2022-08-10T09:30:12Z
EqEU601cf-E,店名が分からない,,東京都中野区中野3-42-2,現役医師たちにSUSURUの毎日ラーメン生活を見せてみた,2022-08-10T03:00:05Z
SXPxHSvAXzc,店名が分からない,,東京都中野区中野3-42-2,【家系カップ麺】これは面倒。面倒すぎるカップ麺はうまいのか検証してみる。をすする 【飯テロ】SUSURU TV.第2430回,2022-07-30T09:30:08Z
-9DQ89G2ljw,店名が分からない,,千葉県市川市市川1-2-9,【祝！中本芸人】アメトーク出演おめでとう！中本のおいしいところをお届けします。をすする　SUSURU TV.第2366回,2022-05-27T09:30:00Z
ZhdEqVwqhx4,店名が分からない,,東京都中野区中野3-42-2,【うどん生活】え？ラーメン？たまには、うどんすするTV.,2022-05-27T03:00:03Z
-XJuwCwgnoY,店名が分からない,,東京都中野区中野3-42-2,【とみ田×飯田商店】日本を代表するラーメン店主2人の最強タッグ！伝説の一杯をご覧ください。をすする【宅麺.com】SUSURU TV.2363日目,2022-05-24T09:30:01Z
ysY65ZWhQbg,場所が見つからない,王道家直系 IEKEI TOKYO,王道家直系 IEKEI TOKYO,ラーメン店1日貸し切りします。家系ラーメンダブルライスですする 王道家直系 IEKEI TOKYO【飯テロ】SUSURU TV.第2344回,2022-05-05T09:30:09Z
e3nE9ldIo5A,店名が分からない,,東京都中野区中野3-42-2,いきなりラーメン屋さんに10万円渡したら、どんなラーメンを作ってくれるのか？をすする【飯テロ】SUSURU TV.第2331回,2022-04-22T09:30:06Z
wcpEQHvumMQ,店名が分からない,,東京都杉並区和泉2-9-21,【二郎系】一番好きなもみじ屋に指原さんと行ってきました。をすする　SUSURU TV.第2330回,2022-04-21T09:30:07Z
C9uzDN_j8ko,店の回ではなさそう,,,みんな、とんでもないことが起きたぞ,2022-04-21T03:00:06Z
ylscHPKsY6g,店名が分からない,,和歌山県東牟婁郡串本町潮岬2707-58,【限界に挑戦】目に入ったラーメン屋全てに入ったら一日何杯すすれるのか？をすする【飯テロ】SUSURU TV.第2328回,2022-04-19T09:30:11Z
2AnV1GBrwyo,店名が分からない,,三重県北牟婁郡紀北町東長島3515,【限界食い】ラーメンを食べすぎるとこうなります。倒れるまでラーメンを食べ続ける旅をすする【飯テロ】SUSURU TV.第2323回,2022-04-14T09:30:00Z
A7UCI91Wb9s,店名が分からない,,東京都中野区中野3-42-2,【ラーメン業界震撼】とんでもないことになってしまったので、ご報告をさせてください。,2022-03-19T03:30:02Z
oo4KNKL4vII,店名が分からない,,東京都中央区京橋3-4-3,【閲覧注意】あの人と第二弾！1日4店舗旨辛ラーメンをすする【飯テロ】SUSURU TV.第2290回,2022-03-12T09:30:10Z
SyXYBk4cmRo,店名が分からない,,東京都中野区中野3-42-2,【家爆盛り】濃厚過ぎるコンビニの豚そばって実際どうなの？をすする,2022-02-28T11:00:13Z
zRxcoA5MwpI,店名が分からない,,京都府木津川市梅谷髯谷15-3,【閲覧注意】超豪華4店舗がラーメンで対決！今日ラーメン界に革命が起きます。をすする【飯テロ】SUSURU TV.第2255回　無鉄砲/すず鬼/ 飯田商店/とみ田,2022-02-05T09:30:53Z
AEeL-u5eToY,店名が分からない,,東京都新宿区西新宿7-15-5,【牛宮城】宮迫さんを焼肉店に呼び出してみた。焼肉バズーカF【飯テロ】SUSURU TV.第2248回,2022-01-29T09:30:03Z
_QqRcnqasqA,店名が分からない,,東京都中野区中野3-42-2,毎日ラーメン男が決める2021年ベストラーメンを発表します【SRY2021】,2022-01-22T08:35:11Z
JjT3pGUPaNg,店名が分からない,,東京都中野区中野3-42-2,ラーメン作りの天才と飲みの天才とラーメンすすりの天才による豪華新年会 をすする【飯テロ】SUSURU TV.第2226回,2022-01-07T09:30:02Z
qmwzeBgZN7M,店名が分からない,,東京都中野区中野3-42-2,【24時間】ススル自販機第二弾！深夜でも年末年始でもいつでもすすれるラーメンをすする【飯テロ】SUSURU TV.第2218回,2021-12-30T09:30:08Z
XQvCemKDZJ0,店名が分からない,,東京都中野区中野3-42-2,日清が本気出したらしいけど、実際どうなの？をすする【飯テロ】SUSURU TV.第2212回,2021-12-24T09:30:55Z
_AjlKHxCjm4,店名が分からない,,東京都中野区中野3-42-2,【ご報告】2代目SUSURUが誕生しました,2021-12-13T03:00:11Z
j4QioVWHqCc,店名が分からない,,神奈川県川崎市多摩区菅稲田堤1-1-2,爆盛り濃厚過ぎてオンリーワンなラーメンを再びすする,2021-11-30T09:30:06Z
jzHZaDj8XaU,店名が分からない,,東京都新宿区弁天町20,【限界食い】1日で都内の激旨ラーメンを何軒回れるか!?自転車を使った「チャリRTA」で満腹限界！をすする【飯テロ】SUSURU TV.第2183回,2021-11-25T09:31:02Z
T0BzLVrbptg,店名が分からない,,東京都中野区中野3-42-2,SUSURU、日清食品に凸してきた。,2021-11-22T09:30:08Z
NIHOPqv4ayY,店名が分からない,,栃木県那須塩原市上厚崎374-2,最旨のラーメンを求めて、親友とドライブしながらすすったラーメンが最高だった【ご当地カップ麺】,2021-11-12T09:00:12Z
fb3DFzcpi1o,店の回ではなさそう,,,今日が何の日か知っていますか？,2021-11-06T03:00:10Z
pJru2LmUdJs,店名が分からない,,東京都中野区中野3-42-2,チャンネル登録者数100万人いくまでラーメンをすすり続ける生配信！！,2021-11-04T12:41:23Z
vGjieWJafAQ,店名が分からない,,東京都中野区中野3-42-2,【直系二郎】ラーメン二郎は東京だけじゃない。今年都外ですすったラーメン二郎について話します【ラーメン二郎記録vol.3】,2021-10-22T09:30:09Z
KZnilUklv-4,店名が分からない,,東京都中野区中野3-42-2,今日は休みます。,2021-10-15T09:30:03Z
oyHh-GAst_I,店名が分からない,,東京都中野区中野3-42-2,約1カ月ぶりにみんなの前でラーメンをすすってみます。,2021-09-12T09:30:06Z
jH90vRGKSII,店名が分からない,,東京都中野区中野3-42-2,今年すすったラーメン二郎について話します【ラーメン二郎記録vol.2】,2021-09-11T09:30:05Z
EuIqyOFpNhA,店名が分からない,,東京都中野区中野3-42-2,【決定版】有名ラーメンチェーン店厳選7店舗,2021-09-10T09:30:01Z
qR6AKDeFc0k,店名が分からない,,東京都中野区中野3-42-2,ラーメン屋さんの最強チャーハンを爆食爆集！！,2021-09-09T09:30:08Z
-W2PTW_QVs0,店名が分からない,,東京都中野区中野3-42-2,【ベスト】九州のご当地ラーメン厳選6店舗【飯テロ】,2021-09-08T09:30:00Z
0iz6AOVeNts,店名が分からない,,東京都中野区中野3-42-2,【保存版】西日本のご当地ラーメン厳選7店舗【ベスト】,2021-09-07T09:30:00Z
7--1Plnj2FE,店名が分からない,,東京都中野区中野3-42-2,【最強】ラーメン大国新潟のご当地ラーメンを毎日ラーメン男SUSURUがすする！,2021-09-06T09:30:00Z
0i__Iha8wMA,店名が分からない,,東京都中野区中野3-42-2,今年すすったラーメン二郎について話します【ラーメン二郎記録vol.1】,2021-09-05T09:30:00Z
3H9Fjj9V60s,店名が分からない,,北海道・東北編,【完全版】全国のご当地ラーメン図鑑厳選7店舗【関東編】,2021-09-04T09:30:03Z
KufjcxWq654,店名が分からない,,東京都中野区中野3-42-2,【完全版】全国のご当地ラーメン図鑑厳選８店舗【北海道・東北編】,2021-09-03T09:42:21Z
m6udmfbUHb0,店名が分からない,,東京都中野区中野3-42-2,【家系ベスト】ススルが選ぶ東京の美味しい家系ラーメンを7店舗紹介します。【総集編】,2021-09-02T09:30:13Z
bk6uYfH03nk,店名が分からない,,東京都中野区中野3-42-2,【激安】500円あればお腹いっぱいになれるコスパ最強ラーメン厳選7店舗！【総集編】,2021-09-01T09:30:10Z
caIu8Ru0oC8,店名が分からない,,東京都中野区中野3-42-2,【長蛇の列】行列に並んででもすすりたいラーメンベスト7店舗！【総集編】,2021-08-31T09:30:10Z
BRMinWCa_3M,店名が分からない,,東京都中野区中野3-42-2,復活した時にすすりたいラーメンを毎日ラーメン男SUSURUが選びました！,2021-08-30T09:30:03Z
3KPGBeeDOnk,店名が分からない,,東京都中野区中野3-42-2,【報告】元気です！SUSURU！,2021-08-29T09:30:00Z
x1RWxqnY6bE,店名が分からない,,東京都中野区中野3-42-2,【第二弾】おすすめ二郎系ラーメン7選！毎日ラーメン男SUSURUがすすった二郎系ラーメン特集！【総集編】,2021-08-28T09:30:05Z
cs7WT8A8BHg,店名が分からない,,東京都中野区中野3-42-2,【激辛】蒙古タンメン中本の激辛激ウマラーメンBEST7を発表！,2021-08-27T09:30:04Z
9zSea8L9-1A,店名が分からない,,東京都中野区中野3-42-2,【ラーメンショップ】日本一や二郎系など多彩なラーショを全て発表します。【うまい】,2021-08-26T09:30:00Z
TcRtzJ8JsLc,店名が分からない,,東京都中野区中野3-42-2,【油】背脂ギタギタのこってりラーメンBEST7！背脂補給ならここだ！【総集編】,2021-08-25T09:30:03Z
0zLVwTiU13M,店名が分からない,,東京都中野区中野3-42-2,【レンゲ立ちぬ】超濃厚ドロドロすぎるラーメン7選！【総集編】,2021-08-24T09:30:00Z
yhO5tvxyXOc,店名が分からない,,東京都中野区中野3-42-2,【大食い】巨大ラーメン挑戦集！限界ギリギリ爆盛りラーメンBEST5！【総集編】,2021-08-23T09:30:07Z
AZRrZ0q2sSY,店名が分からない,,東京都中野区中野3-42-2,【深夜閲覧注意】激ウマ厳選油そばBEST7！こってり濃厚極太麺を混ぜる！【総集編】,2021-08-22T09:30:03Z
7I8xbYkZT-0,店名が分からない,,東京都中野区中野3-42-2,【神7】うますぎるつけ麺7選！至高の神ウマつけ麺たちをご覧ください。【総集編】,2021-08-21T09:30:03Z
1Q7ebW3PS5s,店名が分からない,,東京都中野区中野3-42-2,【激辛】激辛でウマいラーメン7選！毎日ラーメン男のおすすめラーメン！【総集編】,2021-08-20T09:30:00Z
bj51D5VoHx0,店名が分からない,,東京都中野区中野3-42-2,【ご飯はマスト】激ウマ家系ラーメンベスト10！毎日ラーメン男SUSURUがオススメします！【総集編】,2021-08-19T09:30:05Z
zEqmpWodc3k,店名が分からない,,東京都中野区中野3-42-2,【保存版】二郎系ラーメンベスト10！ヤサイニンニクアブラ爆盛りのデカ盛りラーメン！【総集編】,2021-08-18T09:30:08Z
hpeH3v0UqRw,店名が分からない,,東京都中野区中野3-42-2,【必食10選】毎日ラーメン男が選ぶ超美味しいラーメン【全国編】,2021-08-17T09:30:06Z
79DGNgGAiFM,店名が分からない,,東京都中野区中野3-42-2,【ちょめめ】毎日ラーメン男が選ぶ超美味しいラーメンベスト10【東京編】,2021-08-16T09:30:01Z
QFtoRYsoa0o,店の回ではなさそう,,,SUSURUからコロナ感染のご報告【毎日ラーメン生活中断】,2021-08-15T09:30:02Z
T0d-lQizLMY,店名が分からない,,東京都港区新橋2-5-6,【最終回】一蘭で替玉限界チャレンジ大食い！果たして何杯すすれるのか？【ラーメン】SUSURU TV.第2100回,2021-08-05T09:30:04Z
YyEMKU-ZK_A,店名が分からない,,東京都中野区中野3-42-2,初めての中本で「北極」を注文する激辛の猛者がいた…!! をすする 【飯テロ】SUSURU TV.第2057回,2021-06-23T09:30:10Z
m3mluHlVt5g,店名が分からない,,東京都中野区中野3-42-2,「それってあなたの感想ですよね？」あの方のラーメンが美味しいかどうか。をすする【飯テロ】SUSURU TV.第2052回,2021-06-18T09:30:06Z
BG3OMQCz54U,店名が分からない,,埼玉県深谷市岡2769,【ちょめめ】ラーメン評論家初登場！あの方も太鼓判を押す激ウマのラーメンから始まる埼玉ラーメン旅 をすする SUSURU TV.第2013回,2021-05-10T13:37:21Z
-gDU_96ujvs,店名が分からない,,埼玉県さいたま市大宮区大門町1-13,【結婚しました】復活！進化が止まらない二郎系ラーメンを爆食！をすする,2021-04-28T09:35:07Z
82a8gZ7w9mo,店名が分からない,,東京都中野区中野3-42-2,【ガチ】大事なお知らせがあります。【結婚】,2021-04-28T03:00:01Z
D5FRw5M_X_E,店名が分からない,,東京都足立区栗原1-6-22,【麺屋 鳳】神域の二郎系！ヤサイニンニクアブラでガチ旨の一杯をすする 【ニカタツBLOG】【飯テロ】SUSURU TV.第1995回,2021-04-22T09:30:03Z
HsUS7o9Twfc,店名が分からない,,東京都港区六本木3-8-12,【禁断のニンニク】六本木の本気ラーメンをすする【飯テロ】SUSURU TV.特別回,2021-04-19T02:56:49Z
2rSY_8sFCcc,店名が分からない,,東京都中野区中野3-42-2,第六話「減量、第三新サウナ」,2021-04-18T03:00:00Z
55BV9L-6WPA,店名が分からない,,東京都中野区中野3-42-2,引っ越したのでスペシャルな油そばを作りました。をすする【飯テロ】SUSURU TV.第1983回,2021-04-10T09:30:00Z
f-3nx-olyU8,店名が分からない,,東京都中野区大和町1-66-6,【替え玉追いトゥル】今年絶対くる極悪スメルの最強クサウマとんこつラーメン！博多長浜ラーメン健太【飯テロ】SUSURU TV.第1982回,2021-04-09T09:35:01Z
856vN2cYsrM,店名が分からない,,東京都中野区中野3-42-2,第伍話「スス、ラーメンのむこうに」,2021-04-03T03:00:02Z
Wbw24zh_iCc,店名が分からない,,東京都中野区中野3-42-2,イメチェンしました,2021-04-02T03:00:19Z
Qjps3GmE0-8,店名が分からない,,東京都中野区中野3-42-2,第四話「公、心のむこうに」,2021-03-17T03:00:03Z
Eqca7m6Jl4Y,店名が分からない,,東京都千代田区大手町2-5-18,孤独のグルメ神回！五郎さんがすすった豚骨ラーメン替え玉もすする SUSURU TV.第1958回,2021-03-16T09:30:00Z
7mlmxF9tijw,店名が分からない,,東京都中野区中野3-42-2,すするのラーメン図鑑 #2,2021-03-07T03:00:01Z
TawD-A6ipAs,店名が分からない,,東京都中野区中野3-42-2,第参話 「減らない、体重」,2021-03-05T03:00:15Z
CT0MmsXa3Z4,店名が分からない,,東京都中野区中野3-42-2,再スタート宣言から最初の測定,2021-02-18T03:00:08Z
kTPjbrdyqvk,店名が分からない,,東京都中野区中野3-42-2,明日から本気出すSUSURU【改造計画 新章突入】,2021-02-10T03:01:43Z
Ptmon5YGeHM,店名が分からない,,東京都中野区中野3-42-2,すするのラーメン図鑑 #1,2021-02-05T03:00:05Z
Lx4XoA0-e9U,店名が分からない,,東京都中野区中野3-42-2,【復活】これさえ押さえておけば完璧！カップヌードルアレンジ5選！をすする【飯テロ】SUSURU TV.第1901回,2021-01-18T09:45:47Z
6OfKZs5U1s0,店名が分からない,,東京都中野区中野3-42-2,毎日ラーメン男が2020年ベストラーメンを決めます！【SRY2020】,2021-01-17T03:30:23Z
dgwziFNJVkY,店名が分からない,,東京都新宿区新宿2-4-1,【誕生日】28歳になったラーメンYouTuberの1日。をすする SUSURU TV.第1897回,2021-01-14T09:33:50Z
QJhGVcWpCxw,店名が分からない,,東京都中野区中野3-42-2,【うまい】ラーメンショップのネギラーメンを作ってみたい！！【うまい】をすする 【飯テロ】SUSURU TV.第1893回,2021-01-10T09:30:03Z
ohNUhvqL9qI,店名が分からない,,東京都中野区中野3-42-2,新年一発目の体重測定,2021-01-08T03:00:20Z
RWHLDgRdp_g,店名が分からない,,神奈川県横浜市青葉区桜台26-1,究極の醤油からラーメン二郎まで！元日に最高のラーメンはしごデー！をすする SUSURU TV.第1886回,2021-01-03T09:30:04Z
pRAZNgqovYE,店名が分からない,,神奈川県足柄下郡湯河原町土肥2-12-14,【飯田商店】日本を代表する最美味ラーメン＆年末対談SP　をすする  SUSURU TV.第1882回,2020-12-30T09:30:04Z
rw1tkXRYIjE,店名が分からない,,東京都中野区中野3-42-2,2020年ラストの体重測定,2020-12-29T03:00:08Z
IqkvOveX2UA,店名が分からない,,東京都中野区中野3-42-2,あの有名漫画家がデザインした新Tシャツ初お披露目！！,2020-12-27T09:30:02Z
4egqA1xrpnQ,店名が分からない,,東京都中野区中野3-42-2,もうすぐ忘年会シーズンですがいかがですか？,2020-11-12T03:00:00Z
viG8fllhkeE,店名が分からない,,東京都中野区中野3-42-2,毎日ラーメン生活5周年を迎えて、皆様にメッセージ,2020-11-06T03:00:08Z
Kc8ZBQYoRqU,店名が分からない,,東京都中野区中野3-42-2,体重測定結果にトレーナーからまさかの一言,2020-10-31T03:00:07Z
ZA2nWaXUwZQ,店名が分からない,,東京都中野区中野3-42-2,24時間でどれだけ日本全国のカップ麺を回ってすすれるか!?　をすする  SUSURU TV.第1820回,2020-10-29T09:30:02Z
ANfXcHjTqpw,店名が分からない,,東京都中野区中野3-42-2,【復活】コンビニ二郎系を3社比較で爆食いします をすする 【飯テロ】 SUSURU TV.第1801回,2020-10-10T09:30:00Z
lWRXFGs6dFs,店名が分からない,,東京都中野区中野3-42-2,これからの課題を発表します,2020-09-19T03:00:05Z
JgVkW-liyhM,店名が分からない,,東京都中野区中野3-42-2,SUSURUリバウンドしたでしょ？,2020-09-09T03:00:02Z
xRG7lFZ9sTo,店名が分からない,,東京都世田谷区等々力3-17-6,おうち麺TV.さんのラーメンをすすってきました,2020-08-27T03:00:08Z
dEUNFfEge5s,店名が分からない,,東京都中野区中野3-42-2,ぶぶかの最新油そば！旨辛カップ麺をすする 【飯テロ】SUSURU TV.第1751回,2020-08-21T09:30:06Z
-kEYiupyTd4,店名が分からない,,東京都中野区中野3-42-2,SUSURUの健康について。,2020-08-09T03:00:14Z
RhemNhhl3qk,店名が分からない,,東京都中野区中野3-42-2,【二郎系】新たな二郎系『ミヤザキチヒ郎』ってなに？をすするだけTV.,2020-07-30T05:30:00Z
zMLoAALv-rM,店名が分からない,,東京都中野区中野3-42-2,毎日ラーメン男の人間ドックをご覧ください,2020-07-21T03:00:09Z
54JHs16pBPs,店名が分からない,,東京都中野区中野3-42-2,自粛期間中に激ヤセしました,2020-07-14T03:00:00Z
RmS_-PThaLs,店名が分からない,,東京都中野区中野3-42-2,必ずすすりたい！今アツいカップ麺たちを大食いします をすする【飯テロ】SUSURU TV.第1687回,2020-06-18T09:30:04Z
EhHr4peT63o,店名が分からない,,東京都足立区千住橋戸町10-8,ラーメン二郎千住大橋駅前店のテイクアウトをすする,2020-06-14T11:03:35Z
WQAHZ8aBIbQ,店名が分からない,,東京都中野区中野3-42-2,気になるカップ麺一気食いしてお気に入りを決める！をすする【飯テロ】SUSURU TV.第1682回,2020-06-13T09:30:04Z
yV2dtW91UZg,店名が分からない,,東京都中野区中野3-42-2,新しいカップ麺を爆食！二郎系と激辛をすする【飯テロ】SUSURU TV.第1680回,2020-06-11T09:30:12Z
5Hpls4lcDto,店名が分からない,,東京都中野区中野3-42-2,ラーメン二郎神田神保町店のまぜそばをすする,2020-06-07T11:20:28Z
SDTR1DKnzRU,店名が分からない,,東京都中野区中野3-42-2,【三種の神器】味玉、チャーシュー、メンマ作って最高のラーメンに乗せてみた。をすする,2020-06-01T09:30:02Z
GH8d2Td6O_w,店名が分からない,,東京都板橋区大山金井町14-12,自家製麺 no11の豚増し油そばをすする,2020-05-31T10:56:35Z
tXqB_3HGB0k,店名が分からない,,東京都中野区中野3-42-2,緊急事態宣言が解除されました。外に出ます。をすする 【飯テロ】 SUSURU TV.第1664回,2020-05-26T09:30:03Z
bLAegEXWBTc,店名が分からない,,大分県別府市石垣東10-2-46,夢を語れの二郎系つけ麺をすする,2020-05-24T11:18:14Z
rNOims9yr_U,店名が分からない,,東京都中野区中野3-42-2,ラーメンと和え玉すすります,2020-05-17T11:39:15Z
qrBYIovqopk,店の回ではなさそう,,,家でWAGYUJIRO作ってすする生配信,2020-05-10T11:21:58Z
Mc89NIcPd-c,店名が分からない,,東京都中野区中野3-42-2,かんたん油そばを作る生配信,2020-05-03T10:54:15Z
FLfCM6O9zc4,店名が分からない,,東京都中野区中野3-42-2,毎日ラーメン男のモーニングルーティン。【SUSURU's Morning Routine】,2020-05-02T23:00:05Z
sg3Dta5cGqI,店名が分からない,,東京都中野区中野3-42-2,すごい煮干しラーメン凪を家で作ってすする 【飯テロ】 SUSURU TV.第1635回,2020-04-27T09:30:08Z
Q_cgnAcFYD0,店名が分からない,,東京都中野区中野3-42-2,とみ田のつけ麺すする生放送,2020-04-25T22:40:45Z
n8o4wJGZagg,店名が分からない,,東京都千代田区神田司町2-2-8,新しいTシャツができました,2020-04-25T02:57:44Z
eWM3bcvz73Q,店名が分からない,,東京都中野区中野3-42-2,二郎系っぽいニンニク醤油ラーメン見つけたのですする【飯テロ】SUSURU TV.第1628回,2020-04-20T09:30:03Z
EFuWQlc3Tvk,店名が分からない,,東京都中野区中野3-42-2,土曜日の生放送,2020-04-18T22:39:02Z
b5RnuYge54I,店名が分からない,,東京都中野区中野3-42-2,極太麺の豚マシ油そばをすする 【飯テロ】 SUSURU TV.第1623回,2020-04-15T09:30:04Z
CQoQAGqKz5M,店名が分からない,,東京都中野区中野3-42-2,【豚マシ】チャーシュー作って豚ラーメンに乗せる！すする 【飯テロ】 SUSURU TV.第1622回,2020-04-14T09:30:01Z
LiYEcycn5_Y,店名が分からない,,東京都中野区中野3-42-2,わかめラーメンすする生放送,2020-04-12T22:37:09Z
fabrbTDKZvk,店名が分からない,,東京都中野区中野3-42-2,【自作】ススルラーメン作ります！ をすする 【飯テロ】 SUSURU TV.第1619回,2020-04-11T09:30:05Z
knupctFFcPY,店名が分からない,,神奈川県横浜市西区南幸2-12-6,家で家系ラーメン！吉村家のカップ麺をすする 【飯テロ】 SUSURU TV.第1614回,2020-04-06T09:30:05Z
BlWxYWaUiQQ,店名が分からない,,東京都中野区中野3-42-2,家で二郎系作る生放送,2020-04-05T10:49:20Z
pOzPdyFXh90,店名が分からない,,東京都中野区中野3-42-2,美味しかったラーメンの話をします。,2020-04-03T09:30:04Z
0Ktq-ouX1F0,店の回ではなさそう,,,家でラーメンすする生放送,2020-03-29T06:38:31Z
qpXH5WeyC4o,店名が分からない,,東京都文京区小石川1-8-6,東京ラーメン4軒ハシゴ！をすする【飯テロ】 SUSURU TV.第1605回,2020-03-28T09:30:08Z
tKKVe7lm_to,店名が分からない,,東京都中野区中野3-42-2,間違えたら即引退！ききカップ麺大会 をすする【飯テロ】 SUSURU TV.第1601回,2020-03-24T09:30:06Z
DkxcjT3dVDQ,店名が分からない,,東京都中野区中野3-42-2,5年間ラーメンをすすり続けた男が利きラーメン対決！をすする【飯テロ】 SUSURU TV.第1600回,2020-03-23T09:30:02Z
PanCPMd6Kk0,店名が分からない,,東京都中野区中野5-36-14,SUSURUが漫画になりました,2020-03-18T03:00:03Z
W1dLzFf18S8,店の回ではなさそう,,,【ずるずるずへ】いつも応援してくださってる方へ,2020-03-14T05:02:06Z
-oy2_hGToiM,店名が分からない,,東京都中野区中野3-42-2,改心したらトレーナーから凄い事言われた,2020-03-10T03:00:00Z
qj3b7Ndz3wg,店名が分からない,,東京都中野区中野3-42-2,【二郎系】セブンの新しい豚ラーメンをすすろう,2020-03-05T03:00:05Z
GuyHmBuH2D8,店名が分からない,,東京都中野区中野3-42-2,【ヌーハラ】すする音って不快？外国人にSUSURUが「すする」の是非を英語で訊いたみた,2020-03-03T03:00:00Z
GCylYIFwamU,店名が分からない,,東京都中野区中野3-42-2,深夜にラーメン二郎をすすった男の体重,2020-02-26T03:00:04Z
5Di3zyhkqJY,店名が分からない,,東京都中野区中野3-42-2,SUSURU、走る,2020-02-18T03:00:01Z
8wpQADogMsI,店名が分からない,,東京都墨田区業平5-14-7,【大食い】１万円分のラーメンすする旅が決着！高級店や豪華ゲストで遂に…!? をすする【三宅智子】SUSURU TV.第1556回,2020-02-08T09:30:01Z
ZHjWFK1P3MU,店の回ではなさそう,,,SUSURU TV.4周年イベントのお知らせ,2020-02-05T11:00:05Z
utle-T8dkWo,店名が分からない,,東京都中野区中野3-42-2,ついに「あの一言」を言われました,2020-02-04T03:00:05Z
N-WSCle185w,店名が分からない,,東京都中野区中野3-42-2,2020年初のジムトレーニング,2020-01-23T03:00:02Z
Zw_n63WfXYE,店名が分からない,,山形県鶴岡市羽黒町黒瀬字黒瀬202,【大食い】再びラーメンハシゴ！胃袋の限界に挑戦します をすする【飯テロ】 SUSURU TV.第1536回,2020-01-19T09:30:02Z
wIDCN5oU-Ts,店名が分からない,,神奈川県横浜市磯子区新杉田町3-5,早朝から家系で1日1万円ラーメン旅始めます　杉田家 SUSURU TV.第1535回【1万円ラーメンチャレンジ】,2020-01-18T09:30:02Z
__Lj__PCI34,店名が分からない,,東京都杉並区高円寺南2-21-7,遂に完成したソウルフードの進化版味噌をすする【ジャグラーメン計画　完結編】,2020-01-17T03:00:03Z
9xyqpPEHI2s,店名が分からない,,東京都中野区中野3-42-2,毎日ラーメンの男が2019年で1番旨かったラーメンを決めます【SRY2019】,2020-01-10T04:35:36Z
9LouoH4LsNY,店名が分からない,,東京都三鷹市下連雀3-28-21,【ZIP!出演】スタミナ満点ラーメン すず鬼ですするだけTV.,2020-01-08T22:00:00Z
BvqzeSIFJyI,店名が分からない,,東京都杉並区高円寺南2-21-7,思い出の「あのラーメン」が進化して、皆のラーメンへ【ジャグラーメン計画その１】,2020-01-08T02:00:02Z
DOqzk6uz1nI,店名が分からない,,埼玉県草加市栄町2-9-12,年末のご挨拶,2019-12-31T13:00:02Z
6nfE9exhjvg,店名が分からない,,千葉県松戸市松戸1339,【とみ田】年末スペシャル！つけ麺フルコースを思いっきりすする 【飯テロ】 SUSURU TV.第1516回,2019-12-30T09:30:06Z
4HTeNvN2M78,店名が分からない,,東京都中野区中野3-42-2,ラーメンの塩分について,2019-12-24T03:00:01Z
By9yfQlNojw,店名が分からない,,東京都中野区中野3-42-2,ラーメン屋じゃないのに本格ラーメンがすすれるお店がありました【飯テロ】 SUSURU TV.第1506回,2019-12-20T09:30:00Z
OR630SpR1ek,店名が分からない,,東京都中野区中野3-42-2,1日カップ麺生活　SUSURU TV.第1501回,2019-12-15T09:30:00Z
P2IrEFY4HsA,店名が分からない,,東京都中野区中野3-42-2,限界大食い企画の翌日のジム,2019-12-07T03:00:03Z
w_DqOS0oq3s,店名が分からない,,東京都中野区中野3-42-2,【検証】普段すすらない外国人にラーメンをすすらせてみた結果,2019-12-01T03:00:06Z
qdO_EuGwrUE,店名が分からない,,東京都中野区中野3-42-2,年末に向けてダイエットワンポイントアドバイス,2019-11-27T03:00:08Z
UUAgTXA7uX4,店名が分からない,,東京都中野区中野3-42-2,ジムトレーナーにアホだと思われてたみたいです,2019-11-16T03:00:05Z
YH3MxF5viSE,店名が分からない,,東京都中野区中野3-42-2,飲み会＆地方遠征が多かったけど、どうなった？,2019-11-07T03:00:02Z
ZWPjtD87png,店の回ではなさそう,,,いつもSUSURU TV.を観てくださっている皆様へ,2019-11-04T03:00:02Z
tOWOVD7tW0Q,店名が分からない,,東京都中野区中野3-42-2,大食いしてしまった後の体重測定,2019-10-17T03:00:04Z
8nkJyHRISZY,店名が分からない,,東京都中野区中野3-42-2,【美味】ホリエモンさんと香港のワギュジロウをすする,2019-10-09T13:38:02Z
Z4fosyuouMs,店名が分からない,,東京都中野区中野3-42-2,【体重測定】今回は特別編でお送りします,2019-10-06T03:00:03Z
MN8qYeaBHjI,店名が分からない,,東京都中野区中野3-42-2,三度目の正直！バージョンアップしたワギュジロウをすすってみた！,2019-10-01T03:00:05Z
bSJLVIDNXoM,店名が分からない,,東京都中野区中野3-42-2,SUSURUが本気を出した結果,2019-09-26T03:00:02Z
BEx8_PYJhDo,店名が分からない,,東京都千代田区日比谷公園1−6,【フェス来場者向け】日比谷駅からラーメンブースへの行き方とラーメンブース紹介！,2019-09-19T00:00:01Z
h7jmyR42PY4,店名が分からない,,東京都中野区中野3-42-2,今季最大級のスペシャルイベント！,2019-09-18T07:00:06Z
W1PVHT5uL1o,店名が分からない,,東京都中野区中野3-42-2,SUSURU、マジでやるってよ,2019-09-15T03:00:06Z
jWxqAXc177E,店名が分からない,,東京都中野区中野3-42-2,ホリエモンプロデュースの和牛二郎を調査！,2019-09-14T03:00:08Z
EZYF-UqGc38,店名が分からない,,東京都中野区中野3-42-2,新プロジェクト始めます,2019-09-11T07:00:02Z
id_Un2Hx8tg,店名が分からない,,東京都中野区中野3-42-2,停滞期を脱出するには,2019-08-27T03:00:04Z
yPTRP3A9l-4,店名が分からない,,東京都中野区中野3-42-2,ホリエモンプロデュース 和牛で作る二郎を調査！,2019-08-24T03:00:03Z
-E81Vp1MXvQ,店名が分からない,,東京都中野区中野3-42-2,食事管理を再開した結果,2019-08-16T03:00:02Z
-LMIJ0SYJUA,店名が分からない,,東京都中野区中野3-42-2,もうダメかもしれない,2019-08-07T03:00:01Z
TG97K2U0_OQ,店名が分からない,,東京都中野区中野3-42-2,夏の強化メニュー,2019-07-27T03:00:01Z
8-LK75PMcTE,店名が分からない,,東京都中野区中野3-42-2,梅雨のせいでSUSURUが崩壊しました。,2019-07-18T03:00:00Z
Sppy4t4ppwM,店名が分からない,,東京都中野区中野3-42-2,最近ストレスで夜食を食べていたSUSURUの体重が減るわけがない【SUSURU体重測定】,2019-07-07T04:30:00Z
7zge1fD9HEQ,店名が分からない,,東京都中野区中野3-42-2,食べたものを素直にトレーナーに告白した結果,2019-06-18T03:00:00Z
vDNq-WQm6K8,店名が分からない,,東京都千代田区神田三崎町3-7-14,【家系？】行ったことない奴に文句言う権利はないので俺は行く。をすする【飯テロ】 SUSURU TV.第1319回,2019-06-16T09:30:02Z
k2V78hc30c4,店名が分からない,,東京都新宿区新宿1-13-7,【第一旭】チャーシューメン＋ライスを堪能！最高の一杯をすする【飯テロ】 SUSURU TV.第1318回,2019-06-15T09:30:00Z
-XpAlBHHVL4,店名が分からない,,東京都渋谷区神宮前1-21-15,【not白濁】え？味するの‥？豚骨ラーメンなのにこの色って。をすする【飯テロ】 SUSURU TV.第1317回,2019-06-14T09:30:00Z
_rY3BC24XTc,店名が分からない,,山梨県韮崎市中田町中條1027-1,【食堂系】味・雰囲気・コスパ全てが最高。空腹も相まったので即座にすする【飯テロ】 SUSURU TV.第1316回,2019-06-13T09:30:00Z
hYdK58koYPg,店名が分からない,,山梨県南都留郡山中湖村平野493-111,人里離れた、富士山が見えるラーメン屋さんですする【飯テロ】 SUSURU TV.第1315回,2019-06-12T09:30:01Z
gPtrEltph44,店名が分からない,,神奈川県相模原市中央区淵野辺4-37-23,【宿題店】俺たちが待っていたキレキレ醤油な一杯をすする【飯テロ】 SUSURU TV.第1314回,2019-06-11T09:30:00Z
dq7upp4-xoA,店名が分からない,,東京都中野区中野3-42-2,SUSURU TV. - カップラーメンができるまで【OFFICIAL MUSIC VIDEO】,2019-06-11T04:17:29Z
97cuGTJncsY,店名が分からない,,東京都新宿区西新宿1-12,【再生数減少】ワンタンメンは美味いぞ。みんな頼むから観てくれ。をすする【飯テロ】 SUSURU TV.第1313回,2019-06-10T09:30:00Z
USxYO79PVOg,店名が分からない,,東京都葛飾区西新小岩1-9-1,わかめラーメンは好きですか？俺は好き！背油も好き！をすする【飯テロ】 SUSURU TV.第1312回,2019-06-09T09:30:00Z
KSaG9sByAko,店名が分からない,,神奈川県相模原市中央区淵野辺本町3-24-3,牡蠣、すんごい牡蠣スープに合わせるのは意外にも太麺。をすする【飯テロ】 SUSURU TV.第1311回,2019-06-08T09:30:02Z
RgOAEZkNXzE,店名が分からない,,東京都中野区中野3-42-2,ダイエットに行き詰まったあなたへ…,2019-06-08T03:00:02Z
SrS-rPSaTyE,店名が分からない,,長野県伊那市福島155-1,何これ超うまいじゃん！ほぐし豚乗る辛ウマ太麺をすする【飯テロ】 SUSURU TV.第1310回,2019-06-07T09:30:04Z
mlUNitFfg3A,店名が分からない,,長野県松本市南松本1-2-27,超濃厚本格派、太麺ともドロリと絡む。つけ麺をすする【飯テロ】 SUSURU TV.第1309回,2019-06-06T09:30:05Z
WCDRHt9eyMU,店名が分からない,,長野県長野市若里4-15-18,この麺が気になった。いつも以上に海苔の磯感を味わいすする【飯テロ】 SUSURU TV.第1308回,2019-06-05T09:30:01Z
A0NpAJp5vkM,店名が分からない,,長野県長野市南石堂町1466,長野最高峰の中華そばを求めて。和え玉もしっかりすする【飯テロ】 SUSURU TV.第1307回,2019-06-04T09:30:00Z
s6fXzM8je5A,店名が分からない,,茨城県つくばみらい市細代538-1,【大食い】米がいくらあっても足りない、濃厚家系をすする【飯テロ】 SUSURU TV.第1306回,2019-06-03T09:30:02Z
Hutj7w7rPCo,店名が分からない,,東京都板橋区上板橋3-20-8,好きなメニューしかないお店があった！最高！をすする【飯テロ】 SUSURU TV.第1305回,2019-06-02T09:30:00Z
_zLg4x7bPZw,店名が分からない,,東京都港区新橋3-13-2,【路地裏】えっ？こんな奥に名店があるんですか‥？をすする【飯テロ】 SUSURU TV.第1304回,2019-06-01T09:30:01Z
BSyZMS3ht60,店名が分からない,,東京都町田市中町1-1-3,【プチ大食い】中本のチャーハンが美味すぎた件。をすする【飯テロ】SUSURU TV.第1303回,2019-05-31T09:30:00Z
p3AScA6b0cE,店名が分からない,,東京都板橋区中板橋25-14,弱小？そんなことは言わせない。素晴らしい中華そばをすする【飯テロ】 SUSURU TV.第1302回,2019-05-30T09:30:02Z
VmTlqBhnRUE,店名が分からない,,東京都荒川区西日暮里2丁目18-3,【プチ大食い】ただいま。節目回はたくさん食べます。 をすする【飯テロ】 SUSURU TV.第1301回,2019-05-29T09:30:00Z
lo0fHUZ69X4,店名が分からない,,東京都港区西新橋1-16-2,【いつもの】たっぷり太麺を思いのままにすする【飯テロ】 SUSURU TV.第1300回,2019-05-28T09:30:00Z
JNq4OdwRj-A,店名が分からない,,千葉県柏市若柴184-2,【二郎系】旨すぎて震えた。をすする【飯テロ】 SUSURU TV.第1299回,2019-05-27T09:42:32Z
9px9CxQjNVs,店名が分からない,,茨城県つくば市榎戸685-5,【猪】1日限定奇跡のコラボ麺 をすする【飯テロ】SUSURU TV.第1298回,2019-05-26T09:40:03Z
Oo0ICdSbIOA,店名が分からない,,東京都台東区柳橋1-13-5,選べる替え玉で朝まで豚骨をすする【飯テロ】 SUSURU TV.第1297回,2019-05-25T09:30:00Z
TUNrGmIBGXE,店名が分からない,,東京都千代田区神田佐久間町2-25,濃ゆい味の肉をまぜて追い飯もすする【飯テロ】 SUSURU TV.第1296回,2019-05-24T09:30:00Z
y8Zz9GIxOq0,店名が分からない,,東京都墨田区江東橋2-16-8,爆食確定！1000円切る背脂セットメニューをすする【飯テロ】 SUSURU TV.第1295回,2019-05-23T09:30:00Z
_T9aC7KEXhc,店名が分からない,,東京都渋谷区恵比寿西1-13-2,YouTuber＝クリエイター？クリエイティブなまぜそばをすする【飯テロ】 SUSURU TV.第1294回,2019-05-22T09:30:02Z
9s4jwjDNsgM,店名が分からない,,東京都新宿区西新宿7-10‐18,【最後まで観て】こんなことある？とんこつナシの一蘭をすする【飯テロ】 SUSURU TV.第1293回,2019-05-21T09:30:00Z
LB3P86BZxRE,店名が分からない,,東京都渋谷区道玄坂1-6-7,【家系】完全ノーマークだった、横横家踏襲の一杯をすする【飯テロ】 SUSURU TV.第1291回,2019-05-19T09:30:00Z
HKjaNFdfdxk,店名が分からない,,東京都中野区中野3-42-2,食べたいものをトレーナーに打ち明けた結果…,2019-05-19T03:00:00Z
p5VbnS3Hwuc,店名が分からない,,東京都千代田区神田司町2-2-8,【生姜ラブ】推してる麺屋のガチウマつけ麺をすする【飯テロ】 SUSURU TV.第1290回,2019-05-18T09:30:02Z
c99JmWYxpXw,店名が分からない,,東京都杉並区高円寺北2-38-15,本格派の辛いまぜそばを激ウマライスと共にすする【飯テロ】 SUSURU TV.第1289回,2019-05-17T09:30:01Z
sZdrmVPmwq0,店名が分からない,,沖縄県沖縄市知花5-13-18,聞いて。沖縄のつけ麺が美味しいんです‥！をすする【飯テロ】 SUSURU TV.第1288回,2019-05-16T09:30:02Z
ObHAlXhgBJ8,店名が分からない,,沖縄県那覇市長田2-1-1,沖縄にも二郎系？最南端のすばをすする【飯テロ】 SUSURU TV.第1287回,2019-05-15T09:30:00Z
n9Qvl27WEFg,店名が分からない,,岐阜県関市巾2-144-6,東海をも代表する神ラーメンをすする【飯テロ】 SUSURU TV.第1286回,2019-05-14T09:30:01Z
_7HTrQcOrKw,店名が分からない,,岐阜県岐阜市手力町38-1,その中毒性に震えろ。岐阜に行ったら絶対すすれ。をすする【飯テロ】 SUSURU TV.第1285回,2019-05-13T09:30:01Z
zFL_G6t0TQo,店名が分からない,,岐阜県岐阜市日ノ出町3-1,【丸デブ】岐阜のラーメン史を作った中華そばを丸デブがすする【飯テロ】 SUSURU TV.第1284回,2019-05-12T09:30:05Z
3LhuEAnt93k,店名が分からない,,岐阜県岐阜市島栄町2-53,【絶対見て】これが麺なの！？インパクト絶大な凄平つけ麺をすする【飯テロ】 SUSURU TV.第1283回,2019-05-11T09:30:00Z
_RU-2GYGlTE,店名が分からない,,東京都世田谷区北沢2-14-5,カレー味を敬遠するな。米だけじゃなくて麺もすすむヤバ混ぜそばをすする【飯テロ】 SUSURU TV.第1282回,2019-05-10T09:30:00Z
fPekUlEa6nY,店名が分からない,,東京都中野区中野3-33-15,これは良い。旨味たっぷり大好きな昆布水つけ麺をすする【飯テロ】 SUSURU TV.第1281回,2019-05-09T09:30:01Z
xPrifP7svYo,店名が分からない,,東京都中野区中野3-42-2,GWに爆食していた男の体重はどうなるのか…？【10日に1度の体重測定】,2019-05-09T04:17:38Z
TwdubmqJtxk,店名が分からない,,神奈川県厚木市幸町4-10,【拝啓シバター様】3年前の恩を俺は忘れない。シバター推薦のお店ですする【飯テロ】 SUSURU TV.第1280回,2019-05-08T09:30:00Z
tIVT7_M7Uew,店名が分からない,,東京都大田区東矢口3-1-11,何となくそそる固茹で玉子と、しっかりうまいアジ煮干しラーメンをすする【飯テロ】 SUSURU TV.第1279回,2019-05-07T09:30:02Z
fmnMCnlR_eo,店名が分からない,,東京都北区東十条1-22-6,めちゃくちゃ旨いラーメンをえっちゃんとすする【飯テロ】SUSURU TV.第1278回,2019-05-06T09:32:43Z
x2fdAJKx5dE,店名が分からない,,埼玉県熊谷市本町2-116,【TKM】太麺にたまご絡ませてズルッといったら美味いに決まってる をすする【飯テロ】SUSURU TV.第1277回,2019-05-05T10:17:10Z
4DVFK5vDeGI,店名が分からない,,栃木県小山市土塔228-36,【ちょめめい】こういうの好き。黄金のローカルラーメンをすする【飯テロ】 SUSURU TV.第1276回,2019-05-04T09:30:00Z
XXd9zyOrXqE,店名が分からない,,東京都目黒区駒場4-6-8,【Kカップ】かほパイとニンニクザンマイをすする【飯テロ】 SUSURU TV.第1275回,2019-05-03T09:30:00Z
uu2vTEjxq64,店名が分からない,,茨城県水戸市千波町449-1,具材たっぷりボリューミィな旨タンメンをすする【飯テロ】 SUSURU TV.第1274回,2019-05-02T09:30:02Z
IQ-DmBjwrw0,店名が分からない,,茨城県水戸市東台1-5-31,令和一発目！4種の和え玉を楽しめる名店ですする【飯テロ】 SUSURU TV.第1273回,2019-05-01T09:30:00Z
9qdxpwPY9aA,店名が分からない,,東京都荒川区町屋8-4-8,【終了】これが最後。時代が変わる。新世代のつけ麺をすする【飯テロ】 SUSURU TV.第1272回,2019-04-30T09:30:00Z
4cDKNQGnVRA,店名が分からない,,東京都北区東十条3-11-5,激戦区で勝ち抜けるラーメンってどんなの？ をすする【飯テロ】SUSURU TV.第1271回,2019-04-29T09:30:01Z
56RRTY9yXFk,店名が分からない,,東京都中野区中野3-42-2,トレーニングは更に激化する,2019-04-29T04:31:44Z
tk-NII-F-aE,店名が分からない,,東京都千代田区神田佐久間町1-19,【替え玉】衝撃の神ワンコインラーメンをすする【飯テロ】 SUSURU TV.第1270回,2019-04-28T09:30:01Z
MkYaNExRI98,店名が分からない,,東京都中野区中野3-42-2,遊園地ですすれるガツ盛りラーメンご紹介します,2019-04-27T12:30:01Z
Zycdkm66Lbw,店名が分からない,,東京都葛飾区青戸3-33-16,良い店には『傾向』がある。クイズ王直伝の良店ですする【飯テロ】 SUSURU TV.第1269回,2019-04-27T09:30:00Z
xr8aPoZIDQ0,店名が分からない,,東京都豊島区西池袋3-26-6,【激辛】中本の黒鬼！？気になりすぎたのですする【飯テロ】 SUSURU TV.第1268回,2019-04-26T09:30:04Z
KZ1bxGa1bKI,店名が分からない,,京都府京都市中京区壬生相合町25-4,固まり背油をドンドコ絡めるジャンキー太麺をすする【飯テロ】 SUSURU TV.第1267回,2019-04-25T09:30:01Z
tOzXsrNjh50,店名が分からない,,京都府京都市北区大宮北箱ノ井町33-6,京都でも安心してすすれる醤油ラーメンをすする【飯テロ】 SUSURU TV.第1266回,2019-04-24T09:30:02Z
GbVeyb3pNkQ,店名が分からない,,京都府京都市下京区東塩小路向畑町845,超超超有名店！京都に来たらまずはココ をすする【飯テロ】 SUSURU TV.第1265回,2019-04-23T09:30:01Z
eVj0HxiiBUY,店名が分からない,,京都府京都市左京区一乗寺白川通北大路下ル西側,【京都】こってりを愛し、こってりに愛されたい男はこってりをすする【限定メニュー】【飯テロ】 SUSURU TV.第1264回,2019-04-22T09:30:02Z
XL8XyGAVhGs,店名が分からない,,東京都千代田区富士見2-12-16,【麺量注意】大勝軒が作る大盛り二郎系をすする【飯テロ】 SUSURU TV.第1263回,2019-04-21T09:30:01Z
Cs3ri3zEUoo,店名が分からない,,東京都中野区中野3-42-2,【衝撃のラスト】カップヌードルカレーに雪見だいふくを入れた結果,2019-04-21T03:00:01Z
F_QTrk5oHUo,店名が分からない,,東京都大田区蒲田5-18-2,猛烈に家系をすすりたくなった日は家系をすする【飯テロ】 SUSURU TV.第1261回,2019-04-19T09:30:01Z
gZqqGtUXPDc,店名が分からない,,埼玉県入間市下藤沢1122-1,地元民の信頼厚い、暴れ麺中華そばをすする【飯テロ】 SUSURU TV.第1260回,2019-04-18T09:30:04Z
BzKbW1tNPOQ,店名が分からない,,埼玉県川越市熊野町22-2,こんなにも麺とご飯を爆食できるブラックを知っているか をすする 【飯テロ】 SUSURU TV.第1259回,2019-04-17T09:30:01Z
T-RNROcmUHw,店名が分からない,,東京都品川区西五反田1-24-4,1晩で1500杯の伝説背脂ラーメンをすする【飯テロ】SUSURU TV.第1258回,2019-04-16T09:30:00Z
D8YpyyTd06s,店名が分からない,,宮城県仙台市青葉区一番町2-2-11,だしを選ぶという観点。今流行りの仙台スタイルですする【飯テロ】SUSURU TV.第1257回,2019-04-15T09:30:01Z
ZcJ9KvKHsEE,店名が分からない,,宮城県仙台市青葉区栗生5-22-3,なみなみスープとたっぷり麺。あっさりなのにガッツリな一杯をすする 【飯テロ】 SUSURU TV.第1256回,2019-04-14T09:30:02Z
0RwJ8gA-izE,店名が分からない,,宮城県仙台市青葉区国分町3-8-12,俺は並ぶ。並んだ先に待つ最高のラーメンをすする【飯テロ】 SUSURU TV.第1255回,2019-04-13T09:30:00Z
CPw0y9P6aF4,店名が分からない,,東京都中野区本町4-30-11,【新企画】灼熱の赤と純白の米をすする【飯テロ】 SUSURU TV.第1254回,2019-04-12T09:30:00Z
shBatvHDvm8,店名が分からない,,東京都中野区中野3-42-2,あのホルモンと初対麺でラーメンすすってきた【マキシマム ザ ホルモン2号店】,2019-04-09T11:00:05Z
hVCdVuztQFk,店名が分からない,,東京都中野区中野3-42-2,ついにジムトレーナーから衝撃宣言が…,2019-04-09T03:00:05Z
3szT1gHoA1E,店名が分からない,,千葉県習志野市大久保1-16-18,テレビ出演した時の映像をご覧ください,2019-04-07T03:00:00Z
z1O8vpDghmg,店の回ではなさそう,,,奇跡のコラボまぜそばを家ですする【家系×二郎系】,2019-03-31T05:25:27Z
CJC2nb2erxM,店名が分からない,,東京都千代田区九段南4-5-11,女子アナと濃厚に大変身のラーメンとは！？【飯テラー1グランプリ】,2019-03-30T03:00:00Z
2lxJTqRT258,店名が分からない,,東京都中野区中野3-42-2,すみません。遅れてます。,2019-03-27T10:24:11Z
H0gdbOQz2_w,店名が分からない,,東京都中野区中野3-42-2,ダイエットできてる？,2019-03-20T04:00:00Z
AYkG0cydWHs,店名が分からない,,東京都中野区中野3-42-2,ちゃんとします。ダイエット,2019-03-09T03:00:00Z
VNuXHXC_ycI,店名が分からない,,東京都中野区中野3-42-2,SUSURU、そろそろ体重はかるよ,2019-02-28T04:00:00Z
uD7ds3STG2w,店名が分からない,,東京都中野区中野3-42-2,【悲報】SUSURUさん、案の定リバウンドする,2019-01-29T03:00:03Z
WiKN_L7GFuA,店名が分からない,,東京都中野区中野3-42-2,【朗報】SUSURUさん、健康になる,2019-01-18T11:00:05Z
afXWYvFLCS8,店名が分からない,,東京都中野区中野3-42-2,【体重測定】SUSURUは正月太りしましたか？【SUSURU改造計画11】,2019-01-08T13:00:01Z
bG6Dj_vq0Fw,店名が分からない,,東京都中野区中野3-42-2,超ジャンクなカップ麺に自作ガリマヨで激ジャンクにしてみた【用心棒】,2019-01-07T11:00:04Z
b2oVY8EENHA,店名が分からない,,東京都中野区中野3-42-2,毎日ラーメン男が1年で1番旨かったラーメン発表します【SRY2018】,2019-01-06T06:30:02Z
7YD-y93IXQs,店名が分からない,,東京都中野区中野3-42-2,2018年ラストの体重測定【SUSURU改造計画10】,2018-12-29T11:00:02Z
KhIBouDOK9U,店名が分からない,,東京都中野区中野3-42-2,忘れられない11月のラーメンを言います！,2018-12-28T11:00:02Z
qZoCoHRMTRM,店名が分からない,,東京都中野区中野3-42-2,10月の特に印象深いラーメンを大発表！,2018-12-27T11:00:14Z
ppo3whYuPaI,店の回ではなさそう,,,"[MV] FANTASIC RAMEN feat.麺王""M""(もこう) / SUSURU BAND.",2018-12-19T15:00:09Z
YDTbuBxhea8,店名が分からない,,東京都中野区中野3-42-2,ダイエットの壁にぶち当たってしまいました【SUSURU改造計画09】,2018-12-19T11:00:04Z
RkagJ1syc74,店名が分からない,,東京都豊島区南池袋1-17-3,SUSURUが限定5名様にラーメンを提供した結果...,2018-12-12T10:30:00Z
xtbWjeocuwk,店名が分からない,,東京都中野区中野3-42-2,ラーメン毎日男が2か月でどれだけ痩せたかお見せします【SUSURU改造計画08】,2018-12-09T04:00:01Z
C2hX_5JKcOE,店名が分からない,,東京都大田区田園調布1-52-3,12月出没イベント告知！,2018-12-01T11:00:02Z
7LHEgnWEU28,店名が分からない,,東京都中野区中野3-42-2,【体重報告】400日前の体重に戻りました,2018-11-29T11:30:01Z
XoF-JgkH9Zc,店名が分からない,,東京都中野区中野3-42-2,ふかひれラーメンを2分で紹介してみた,2018-11-23T08:02:35Z
bPQLaqX12M0,店名が分からない,,東京都中野区中野3-42-2,9月の美味しかったラーメンを振り返り！,2018-11-20T11:00:05Z
M4q-CeXsiJg,店名が分からない,,東京都中野区中野3-42-2,最近で1番キツかった【体重報告・SUSURU改造計画06】,2018-11-19T11:26:46Z
R3jPOV6C-ww,店名が分からない,,東京都目黒区駒場4-6-8,【朗報】二郎系と激辛のコラボが家でもすすれる【千里眼】,2018-11-13T10:51:00Z
Qg91nOfai0I,店名が分からない,,東京都中野区中野3-42-2,毎日ラーメンVSジム！１カ月でウエストがどれくらい変わったSP【SUSURU改造計画報告】,2018-11-09T11:58:30Z
zYR-t69TGM0,店名が分からない,,東京都中野区中野3-42-2,【3周年記念】重大告知が3つ！～3周年だけに、ってやかましいわSP～,2018-11-05T11:00:09Z
eqPjh6ecC7Q,店名が分からない,,東京都中野区中野3-42-2,SUSURU TV.3周年！痩せてなかったら即引退SP【SUSURU改造計画報告】,2018-11-04T09:28:38Z
GqmcyUfg37o,店名が分からない,,東京都中野区中野3-42-2,ピンチです【体重報告・SUSURU改造計画03】,2018-10-30T11:03:49Z
XRtqFcjhN7k,店名が分からない,,東京都中野区中野3-42-2,ローソンの本社に呼び出されました,2018-10-23T13:00:05Z
fJaYToAbdJk,店名が分からない,,東京都中野区中野3-42-2,【体重測定】減量中もラーメンをすすり続ける漢からの報告,2018-10-20T10:30:01Z
0fEe6fOtj-4,店名が分からない,,東京都中野区中野3-42-2,登録者50万人突破！ありがとうございます。,2018-10-14T15:00:00Z
feUF3sn6BPU,店名が分からない,,東京都中野区中野3-42-2,【ご報告】SUSURU健康じゃありませんでした…,2018-10-13T10:30:00Z
piC_Y2Tamyg,店名が分からない,,東京都中野区中野3-42-2,行列店を家で食べ比べしたら予想外の大食い企画に…,2018-10-12T15:00:07Z
LfG6hvTHGAs,店名が分からない,,東京都中野区中野3-42-2,【謝罪】8月のスゴかったラーメンを振り返り！,2018-10-04T11:00:06Z
nGJyAAtR4ws,店名が分からない,,東京都中野区中野3-42-2,【緊急告知】1週間以内に出没します。,2018-10-03T03:10:58Z
tSnvsveuoLk,店名が分からない,,東京都江東区亀戸5-13-2,27時間テレビで放送されたあの映像をご覧ください,2018-09-13T11:00:04Z
7XB8Kk1TKtI,店名が分からない,,東京都中野区中野3-42-2,蒙古タンメンカルボナーラを作ってみた【中本】,2018-08-24T11:00:01Z
RPQHzRX9aoA,店名が分からない,,東京都中野区中野3-42-2,【今更】7月の旨かったラーメンはこれだ！,2018-08-17T11:00:03Z
i3B6Co_N7GM,店名が分からない,,東京都中野区中野3-42-2,【重要】SUSURUの人間ドック結果と今後について,2018-08-02T11:15:01Z
lx1kb1mI1p0,店の回ではなさそう,,,毎日ラーメン生活1000回記念！生放送,2018-08-01T14:57:33Z
7vKr0Abt-bg,店名が分からない,,東京都中野区野方5-7-17,この夏の大量告知！,2018-07-28T03:00:02Z
9iNTDq__Rds,店名が分からない,,東京都中野区野方5-7-17,激辛麻婆と担々麺で大事故発生！？,2018-07-27T11:06:38Z
liMJm_U6-hk,店名が分からない,,東京都中野区野方5-7-17,麺屋武蔵監修カップ麺にからあげクン投入アレンジ！,2018-07-12T11:00:03Z
EhBHI8Wx5XQ,店名が分からない,,東京都中野区野方5-7-17,ラーメンの日なのでラーメン7杯チャレンジ（コメント返信あまりできません）,2018-07-11T13:04:53Z
SHkFpUsU4fw,店名が分からない,,東京都中野区野方5-7-17,【深夜の飯テロ】激辛カップ麺に米投入で大爆発！,2018-07-06T13:00:02Z
LXJNC6QPSTc,店名が分からない,,東京都中野区野方5-7-17,6月にすすって旨かったラーメン教えます！,2018-07-05T05:00:00Z
-YrmGLByKFo,店名が分からない,,東京都中野区野方5-7-17,家でしかすすれない蒙古タンメン中本を激辛ですする,2018-06-16T11:00:00Z
FpPutEcYVX0,店の回ではなさそう,,,【感謝】登録者40万人突破ありがとうございます。明日から新潟行きます。,2018-06-10T16:53:41Z
-bub78RhDWA,店名が分からない,,東京都目黒区駒場4-6-8,【永久保存版】千里眼の並び方・整理券の仕組み教えます【二郎系行列店】,2018-06-10T10:59:15Z
zBPP29ydVDE,店名が分からない,,東京都新宿区高田馬場2-14-27,旨辛ラーメン表裏のド迫力野菜マシ冷やし中華をすする 【飯テロ】SUSURU TV.第946回,2018-06-08T09:30:01Z
XSKii1k9ekc,店名が分からない,,東京都中野区野方5-7-17,5月にすすって旨かったラーメン大発表！,2018-06-01T11:00:04Z
IyKiZkBxkVM,店名が分からない,,東京都中野区野方5-7-17,セブンの冷やしラーメン×サラダチキンはうまいのか！？,2018-05-30T09:00:01Z
5OD_N_RXa5o,店名が分からない,,鬼者語,ラーメンイベント告知【鬼者語2周年イベント編】,2018-05-23T09:00:01Z
h4Zqj729yNQ,店名が分からない,,福岡県福岡市博多区住吉1-2-22,福岡の一蘭限定！高級重箱の釜だれ豚骨ラーメンをすする【福岡 飯テロ】SUSURU TV.第923回,2018-05-16T09:30:00Z
czvbegPSOcA,店名が分からない,,東京都中野区野方5-7-17,東海オンエアのラーメンをすする【G.W企画】,2018-05-05T10:00:44Z
CDgsIpD9fGM,店名が分からない,,千葉県市原市西国分寺台1-3-16,家ですすれる二郎系で1番うまい激レア宅麺をすする【G.W企画】,2018-05-04T10:00:02Z
VbnEb560aSs,店名が分からない,,東京都中野区野方5-7-17,【セブン】冷凍ラーメンを全部すする【G.W特別企画】,2018-05-03T10:22:53Z
6j2WdmIskZM,店名が分からない,,東京都中野区野方5-7-17,4月にすすって旨かったラーメン発表します！,2018-05-01T09:00:01Z
VbwzLa_ALR4,店の回ではなさそう,,,ラーメンイベント告知【ゴールデンウィーク編】,2018-04-22T09:00:01Z
d-m-uRdCXnk,店名が分からない,,東京都中野区野方5-7-17,コンビニで一番辛い!?カップ麺をすする【トナリ 辛激焼タンメン】SUSURU TV.,2018-04-06T08:30:00Z
m_yzbaq1oM8,店名が分からない,,東京都杉並区上荻1-10-7,あの花月嵐のメニューにSUSURUが登場！をすする【THE油そば ラーメン】SUSURU TV.第881回,2018-04-04T09:30:01Z
azej4d84mXI,店名が分からない,,東京都中野区野方5-7-17,3月にすすって旨かったラーメン大発表！,2018-03-31T09:00:01Z
QTfB8sBgGAw,店名が分からない,,東京都中野区野方5-7-17,人気すぎてテレビも取材拒否店で激旨ラーメンをすする【飯テロ】SUSURU TV.第864回,2018-03-18T09:30:00Z
f34BHV4-dro,店名が分からない,,東京都港区麻布十番1-4-1,ジョナサンの新作ラーメンが衝撃的すぎた をすする【飯テロ】SUSURU TV.第858回,2018-03-12T09:30:01Z
wyBx830yZqg,店名が分からない,,東京都墨田区吾妻橋3-1-17,【ラーメンCD企画】衝撃の白いラーメンをすすった後に真面目な話をします 【吉法師】,2018-03-09T09:02:24Z
leeCxtHbbbw,店名が分からない,,東京都中野区野方5-7-17,2月にすすって旨かったラーメン大発表！,2018-03-01T08:30:01Z
w009KAaD2Bw,店名が分からない,,東京都目黒区駒場4-6-8,【二郎系】千里眼のニンニクMAXカップ麺を全マシしてすすったら最高！【ニンニクザンマイコレデモカ】,2018-02-28T08:00:02Z
cavDjiknp4k,店の回ではなさそう,,,【ラーメンCDを作る】企業にラーメン差し入れしたSUSURU大失態…！,2018-02-25T10:00:06Z
FpxOSPdRsFI,店名が分からない,,東京都中野区野方5-7-17,年収は？お店開く？あの大物配信者にも電話してみた【SUSURU質問コーナー'18】,2018-02-20T09:00:00Z
fM0EHp27CUg,店名が分からない,,東京都中野区野方5-7-17,1月にすすって旨かったラーメン発表します,2018-02-01T09:06:11Z
pL0iwK89P0c,店名が分からない,,東京都立川市柴崎町3-6-29,人生初のラーメン審査員でSUSURU大暴れ！？【ラーメントライアウト2017】,2017-12-27T08:30:03Z
Y8Zf1jolunA,店の回ではなさそう,,,【告知】限定グッズ発売！限定人数イベントやります！お願いします！,2017-11-29T08:30:00Z
-c8nblp4Gq8,店名が分からない,,東京都中野区野方5-7-17,【告知】テレビ出演します！,2017-11-24T10:30:00Z
MfVuOouFSi4,店名が分からない,,東京都港区港南2-16-2,【鬼辛】バーミヤンで一番辛いラーメンをすすってみた をすする 【飯テロ】SUSURU TV.第743回,2017-11-17T09:30:00Z
VfAgeopVP6w,店名が分からない,,東京都北区上中里3-18-1,鬼盛り！ラーメン富士丸 梶原店で国産ブタメン全部増しをすする【二郎系】SUSURU TV.第737回,2017-11-11T09:30:01Z
QN6djQOC5OU,店名が分からない,,東京都中野区野方5-7-17,富士丸から帰ってきたのでSUSURU TV.2周年記念生放送！,2017-11-05T14:04:53Z
CNL3zY0tyv4,店名が分からない,,東京都中野区野方5-7-17,フェスで爆食！そして衝撃のラーメンに出会った！！をすする　SUSURU TV.第703回,2017-10-08T09:32:26Z
1XwYVjFXqMs,店名が分からない,,東京都豊島区南池袋2-42-8,つけ麺の元祖！東池袋 大勝軒本店ですする【飯テロ】SUSURU TV.第702回,2017-10-07T09:30:00Z
-RHkEu357FE,店名が分からない,,東京都世田谷区上野毛1-26-16,ラーメン二郎 上野毛店の鍋二郎をすする【飯テロ】SUSURU TV.第701回,2017-10-06T09:30:00Z
qX1bE65WK7E,店名が分からない,,東京都中野区野方5-7-17,【悲報】SUSURUの健康状態がヤバかった…,2017-10-05T09:58:43Z
LAB1M53QRHo,店の回ではなさそう,,,雑誌掲載、フェスなどなど今週の告知,2017-09-25T10:30:05Z
ncidKuVzltk,店の回ではなさそう,,,【告知】Tシャツプレゼントについてと、9月の出没情報,2017-09-05T11:16:59Z
B_gEUkFK1q4,店名が分からない,,東京都中野区野方5-7-17,バーミヤンで4種のラーメンを食べてみた をすする【飯テロ ご当地ラーメン祭り】SUSURU TV.第670回,2017-09-05T10:21:43Z
dX7Jx8eaOF8,店名が分からない,,東京都中野区野方5-7-17,名店のカップ麺をすすりながら8月のお気に入りラーメンまとめ をすする【飯テロ】SUSURU TV.第665回,2017-08-31T09:30:00Z
CSLzXt-tsJU,店名が分からない,,秋田県大仙市大曲上栄町14-14,秋田のラーメンフェスで大量のラーメンをすする 【飯テロ】SUSURU TV.第657回,2017-08-23T09:30:00Z
qCblH7zKcho,店の回ではなさそう,,,登録者20万人突破！【感謝＆健康診断について＆告知】,2017-08-08T11:29:04Z
1tcocyf9oOU,店の回ではなさそう,,,気になったカップ麺を食べ比べながら、7月のラーメン振り返りをすする【飯テロ】SUSURU TV.第635回,2017-08-01T09:30:00Z
iRv9PRHjALw,店の回ではなさそう,,,【告知】超有名企業から大抜擢！※ラーメンじゃないです,2017-07-31T11:30:08Z
NtLQ4VXRY6g,店の回ではなさそう,,,[MV] みんなのラーメン/ SUSURU(feat.YouTuberのみんな),2017-07-30T10:21:26Z
3JY3g0MQ_6E,店の回ではなさそう,,,ラーメン店主とのバトルに勝ったので〇〇万円プレゼントします！【プレゼント企画】,2017-07-24T10:59:57Z
GubrE39qZFo,店名が分からない,,愛知県安城市緑町1-16-9,【大岩亭】レンゲが立つほど濃厚過ぎるラーメンをすする【飯テロ 愛知ラーメン】SUSURU TV.第621回,2017-07-18T09:30:00Z
HlAmKvZ7UQQ,店の回ではなさそう,,,【告知】新Tシャツ&ラーメン屋さんでイベント,2017-07-14T10:25:03Z
q86pjf2Mir8,店の回ではなさそう,,,女子の手作り激辛ラーメンに悶絶！をすする【飯テロ】SUSURU TV.第617回,2017-07-14T09:30:00Z
qFnp_N6x99c,店名が分からない,,東京都中野区東中野4-30-16,究極のにぼし味噌らーめん 人間ばんざいをすする【飯テロ】SUSURU TV.第609回,2017-07-06T09:32:08Z
wY4tp-0lWR0,店の回ではなさそう,,,3つの気になるカップ麺をすすりながら、6月のラーメン振り返り【飯テロ】SUSURU TV.第603回,2017-06-30T09:30:03Z
R07o7iGn0k8,店の回ではなさそう,,,SUSURUから重大告知！！,2017-06-27T10:00:02Z
HYdJ-YX0rqs,店の回ではなさそう,,,【お知らせ】ラーメン屋さんでイベントやります,2017-06-02T09:00:01Z
reG6eRWGK_Y,店の回ではなさそう,,,【ラーメン】大好きなお店のカップ麺をすすりながら、5月のラーメン振り返り 飯田商店【飯テロ】SUSURU TV.第573回,2017-05-31T09:30:03Z
Bx-xyWQvceE,店の回ではなさそう,,,ゲリラ的な雑談with Draco,2017-05-29T20:28:01Z
vkQjQ4YfV4w,店の回ではなさそう,,,An important notice to those watching outside of Japan【海外の方向け】,2017-05-26T00:00:02Z
MLgW3ojdkS4,店の回ではなさそう,,,【デブ禁止】今度こそ質問答え続けるライブ配信,2017-05-21T12:07:47Z
2Qy7ea3zpYA,店の回ではなさそう,,,【100デブコメントで即終了】質問に答え続ける初ライブ配信,2017-05-21T11:03:48Z
bfTW40dLkj4,場所が見つからない,まんパク2017,,【ラーメン】はいじぃさんと巨大フードフェスですする まんパク2017【Ramen 飯テロ】SUSURU TV.第562回,2017-05-20T09:30:00Z
6RoHT6MPiy4,店の回ではなさそう,,,【軽くお知らせ】生配信＆イベント出演,2017-05-17T09:00:02Z
jalkMETscNg,場所が見つからない,水道橋店,東京都千代田区三崎町1-4-26,【ラーメン】はいじぃさんとすするの新店舗で濃厚魚介つけ麺をすする 麺や すする 水道橋店 【Ramen 飯テロ】SUSURU TV.第551回,2017-05-09T09:30:00Z
ZKDw1SXYYg8,店の回ではなさそう,,,【MV】RAMEN PUNK (How 500 days of eating Ramen can change a man)　4000万回再生突破記念,2017-05-08T08:54:08Z
rPTsL6NnPX8,店の回ではなさそう,,,【ラーメン】GW企画！深夜の爆食！気になるカップ麺をラーメンyoutuberがすする  【Ramen 飯テロ】SUSURU TV.第546回,2017-05-04T09:30:01Z
_PSmSusoOKg,店の回ではなさそう,,,【ラーメン】1番旨いのはどこ？コンビニラーメン食べ比べですする  【Ramen GW企画】SUSURU TV.第545回,2017-05-03T09:30:00Z
_j7V6pz-SKU,店の回ではなさそう,,,マジで旨いカップ麺見つけた！先月のラーメンを語りながら　伊吹監修の一杯 行列必至の中華ソバ【Ramen 飯テロ】SUSURU TV.第543回,2017-05-01T09:30:01Z
TaxQoq_w1zE,場所が見つからない,感動し過ぎて... 大成食品,,【再アップ】ラーメンYouTuberが製麺所で麺つくってすする！感動し過ぎて…　大成食品【Ramen 再アップ】SUSURU TV. 第539回,2017-04-29T04:47:10Z
GMUAwJty6bM,場所が見つからない,丸の内 タニタ食堂,,【ラーメン】タニタ食堂×麺屋 武蔵コラボ！野菜盛り沢山の健康つけ麺をすする 丸の内 タニタ食堂 【Ramen 飯テロ】SUSURU TV.第536回,2017-04-24T09:30:01Z
Y4hf8NyAOuo,店の回ではなさそう,,,【ラーメン】大つけ麺博presents 最強ラーメンFes2017 第三陣でラーメンも餃子もチャーハンもすする【Ramen 飯テロ】SUSURU TV.第526回,2017-04-14T09:30:02Z
RlS7s8jdLGU,店の回ではなさそう,,,SUSURUよりお知らせ（グッズ・コラボ記事など）SUSURU TV.第513.5回放送,2017-04-01T10:24:06Z
ZMxS669_0gA,店の回ではなさそう,,,気になっているカップ麺すすりながら先月のラーメンを語りつくす　チーズ味噌台湾ラーメン【Ramen 飯テロ】SUSURU TV.第513回,2017-04-01T09:30:01Z
gS11Qv5xLPY,場所が見つからない,スガキヤ ピアゴ上和田店,,【愛知ラーメン】東海地方で大人気チェーンの激安ラーメンをすする スガキヤ ピアゴ上和田店 【Ramen 飯テロ】SUSURU TV.第510回,2017-03-29T09:37:31Z
1eHcWkPgdOs,店の回ではなさそう,,,【LINEスタンプ】チャンネル登録者数10万人突破企画！【第2夜】,2017-03-22T09:32:32Z
dXaOl6H1Wig,店の回ではなさそう,,,【ラーメン】奇跡のコラボ！SUSURUなら死ぬウマをすすっても死なない？ MEGWIN TV.死ぬウマラーメンをすする【Ramen 特別編】SUSURU TV.第501回,2017-03-20T09:30:01Z
QhbaXl0Voes,場所が見つからない,ラーメン女子博2017,,【ラーメン】二郎系や背脂煮干！4杯の女子ラーメンをすする ラーメン女子博2017  【Ramen 飯テロ】SUSURU TV.第499回,2017-03-18T09:30:00Z
u1emNlSusZA,店名が分からない,,奈良県の駅前で深夜まで,【奈良 ラーメン】駅前でいつでもすすれる鶏白湯に悶絶！視聴者プレゼントつき！ 麺屋 龍【Ramen 飯テロ】SUSURU TV.第496回放送,2017-03-15T09:31:19Z
w00_wYgqdow,店の回ではなさそう,,,【質問コーナー】年収は？１番旨いラーメンは？SPゲストも参加！【毎日ラーメンをすするYouTuber SUSURU】,2017-03-13T10:22:18Z
eM3He6PD5kw,店の回ではなさそう,,,【家ラーメン】今月の注目ラーメンを発表しながらカップ麺をすする【Ramen 飯テロ】SUSURU TV.第481回,2017-02-28T09:30:01Z
2gflybIXSqI,店の回ではなさそう,,,【感謝】チャンネル登録者数10万人突破企画！【第1夜】,2017-02-28T09:30:00Z
BFdPGMEYg2U,場所が見つからない,ファイヤーマウンテン,,【ラーメン】辛すぎて号泣！？激辛タンメンを家ですする　ファイヤーマウンテン【Ramen 飯テロ】SUSURU TV.第477回,2017-02-24T09:30:00Z
US5I1NK59Qw,店名が分からない,,埼玉県ふじみ野市西2-1-23,【上福岡駅ラーメン】ラーメン そら 富士丸系盛り！アブラニンニクラーメンを竹永さんとすする【Ramen 二郎系】SUSURU TV.第475回,2017-02-22T09:30:00Z
azXOd4TZlJY,店名が分からない,,埼玉県川口市栄町3-5-15,【川口駅ラーメン】自家製麺 竜葵 1000円で食べられる絶品ひつまぶしと塩そばをすする【Ramen 飯テロ】SUSURU TV.第474回,2017-02-21T09:30:04Z
Ysr13yipo2c,店名が分からない,,埼玉県川口市芝下3-9-21,【蕨駅ラーメン】中華そば 葵 濃い味のチャーシューがっつりまぜそばをすする【Ramen 飯テロ】SUSURU TV.第473回,2017-02-20T09:30:00Z
eG4l8cPEMiw,店名が分からない,,北海道味噌のチェーン店!,【学芸大学ラーメン】らーめん むつみ屋 バカ盛りコーンの濃厚味噌ラーメンをすする【Ramen 飯テロ】SUSURU TV.第472回,2017-02-19T09:30:00Z
AOfb8fsVfNM,店名が分からない,,東京都渋谷区宇田川町24-6,【渋谷ラーメン】鬼そば 藤谷 芸人さんのお店は旨いのか？HEY！たくちゃんの塩ラーメンをすする【Ramen 飯テロ】SUSURU TV.第471回,2017-02-18T09:30:00Z
Iio2zy4PENY,店名が分からない,,大阪府大阪市淀川区十三本町1-3-13,【大阪ラーメン】くそオヤジ最後のひとふり 再び連食！貝出汁のハマるラーメンをすする【Ramen 飯テロ】SUSURU TV.第470回,2017-02-17T09:30:01Z
yaCeSj0wJSg,店名が分からない,,大阪府大阪市福島区福島7-12-2,【大阪ラーメン】ラーメン人生JET 行列のできる至高の鶏煮込みラーメンをすする【Ramen 飯テロ】SUSURU TV.第469回,2017-02-16T09:30:01Z
TmBuChyRqLM,店名が分からない,,大阪府大阪市淀川区西中島1-12-15,【大阪ラーメン】人類みな麺類 大食い！大阪で大人気のラーメンを3杯すする【Ramen 飯テロ】SUSURU TV.第468回,2017-02-15T09:30:00Z
Ej_-rwOaYi8,店名が分からない,,東京都新宿区市谷田町1-3,【市ヶ谷ラーメン】麺や 庄の バレンタインにチョコ盛りラーメンをすする【Ramen 飯テロ】SUSURU TV.第467回,2017-02-14T09:30:00Z
4JYSF8_fElg,店名が分からない,,東京都豊島区西池袋3-33-17,【池袋ラーメン】GaGana RAMEN 和牛ホルモンのつけ麺をコンマニセンチ竹永さんとすする【Ramen 飯テロ】SUSURU TV.第466回,2017-02-13T09:36:46Z
Trayn6rkW3E,店名が分からない,,東京都新宿区早稲田鶴巻町555-101,【早稲田ラーメン】眞久中 二郎系最上級の麺極太ラーメンすする【Ramen 二郎インスパイア】SUSURU TV.第465回,2017-02-12T09:30:01Z
dMtrxVPmFBU,店名が分からない,,東京都中野区東中野1-53-7,【東中野ラーメン】好日 ビブグルマン掲載の毎朝系ラーメンすする【Ramen 飯テロ】SUSURU TV.第464回,2017-02-11T09:30:00Z
9jXnH34hFew,店名が分からない,,埼玉県春日部市中央4-8-9,【春日部ラーメン】大空 こってりコク旨なピリ辛まぜそばをコンマニセンチ竹永さんとすする【Ramen 飯テロ】SUSURU TV.第463回,2017-02-10T09:30:00Z
RoSzaItTbQc,店名が分からない,,東京都新宿区百人町2-19-11,【大久保ラーメン】麺屋 優創  蟹エビ魚介味噌ラーメンを生クリームとすする【Ramen 飯テロ】SUSURU TV.第462回,2017-02-09T09:30:00Z
mEw5Ab-OYBA,店名が分からない,,東京都中野区上高田3-19-6,【新井薬師ラーメン】RYOMA本店  しらす盛りな魚介油そばをすする【Ramen 飯テロ】SUSURU TV.第461回,2017-02-08T09:30:01Z
y41R-eTnXEs,店名が分からない,,東京都千代田区神田多町2-9-6,【神田ラーメン】五ノ神水産  全部入りド濃厚銀ダラ搾りラーメンをすする【Ramen 飯テロ】SUSURU TV.第460回,2017-02-07T09:30:01Z
E9NNCQ9fo94,店名が分からない,,東京都千代田区神田神保町2-2-12,【神保町ラーメン】可以  ワイルド背脂煮干し暴れ麺ラーメンをすする【Ramen 飯テロ】SUSURU TV.第459回,2017-02-06T09:30:00Z
XzkF2DGRvVo,店名が分からない,,東京都大田区蒲田4-18-1,【蒲田ラーメン】麺場Voyage カルボナーラーメンと帆立とキノコの潮ラーメンを店内連食ですする【Ramen 飯テロ】SUSURU TV.第458回,2017-02-05T09:30:00Z
-bg0MFa0-ko,店名が分からない,,東京都町田市中町1-28-24,【町田ラーメン】一番いちばん 完飲必至！完璧、白河手打ち中華なラーメンをすする【Ramen 飯テロ】SUSURU TV.第457回,2017-02-04T09:30:00Z
p3MWRGOgFnQ,店名が分からない,,青森県青森市栄町1丁目6-8,【青森ラーメン】あさ利 雪の中で史上最も辛いラーメンをすする【Ramen 飯テロ】SUSURU TV.第456回,2017-02-03T09:30:01Z
YUM_Fw8Wft4,店の回ではなさそう,,,[MV] RAMEN BOOGIE/SUSURU TV.　（3000万回再生記念）,2017-02-02T12:36:36Z
QPEGkV4z7QI,店名が分からない,,青森県青森市古川1丁目15-6,【青森ラーメン】味の札幌 大西 味噌カレー牛乳ラーメンを津軽弁ですする【Ramen 飯テロ】SUSURU TV.第455回,2017-02-02T09:30:01Z
kD_bPl5TKYE,店の回ではなさそう,,,【実家ラーメン】今月の注目ラーメンを発表しながらカップ麺をすする【Ramen Japanese Soba Noodles 蔦】SUSURU TV.第454回,2017-02-01T09:30:02Z
55ohiWESF3E,店名が分からない,,東京都足立区千住4-19-11,【北千住駅ラーメン】麺屋 音 別邸  生姜がすごい！鶏白湯ラーメンすする【Ramen 飯テロ】SUSURU TV.第453回,2017-01-31T09:30:01Z
5tRvZwr0-_w,店名が分からない,,東京都千代田区内神田3-17-10,【神田駅ラーメン】ラーメン 盛太郎  コスパ最強で爆盛りの二郎系ラーメンすする【Ramen 二郎インスパイア】SUSURU TV.第452回,2017-01-30T09:30:00Z
GzPCJ-G4G5s,店名が分からない,,東京都足立区千住寿町8-17,【北千住駅 ラーメン】こばやし 一見、ラーメン屋に見えないお店の極秘ラーメンをすする【Ramen 飯テロ】SUSURU TV.第451回,2017-01-29T09:33:29Z
KNmG6kn3AYM,店名が分からない,,神奈川県民のソウルフードのサンマーメンは,【横浜駅 ラーメン】 玉泉亭 SUSURU史上初のラーメン！サンマーメンを初めてすする【Ramen 飯テロ】SUSURU TV.第450回,2017-01-28T09:31:11Z
5Hl1q-05OrI,店名が分からない,,東京都中央区築地7-15-8,【築地ラーメン】からめんや えん 最大25辛！辛いのに旨い宮崎発の辛麺ラーメンをすする【Ramen 飯テロ HOT】SUSURU TV.第449回,2017-01-27T10:07:33Z
meA1_zVnqHY,店名が分からない,,東京都中央区築地4-9-16,【築地ラーメン】井上 築地市場No.１有名ラーメン店！メニューは一つだけ！をすする【Ramen 飯テロ】SUSURU TV.第448回,2017-01-26T09:49:25Z
D27v7gsnjlc,店名が分からない,,神奈川県横浜市南区日枝町4-97-2,【吉野町ラーメン】流星軒 アダルトな全部が旨い横浜淡麗系こだわりラーメンをすする【Ramen 飯テロYazawa】SUSURU TV.第447回,2017-01-25T09:37:05Z
3_ZehFeEcL0,店名が分からない,,東京都豊島区東池袋2-19-2,【大塚駅ラーメン】志奈そば 田なか 世界のラーメン男も認める日本の正しいラーメンをすする【Ramen Adventures】SUSURU TV.第446回,2017-01-24T09:47:03Z
HavRtr4V_Bg,店名が分からない,,東京都新宿区高田馬場3-12-1,【高田馬場駅ラーメン】油そば 力  特盛りもコスパ最高の極太油そばをすする【Ramen 飯テロ】SUSURU TV.第445回,2017-01-23T09:30:00Z
dANTNMoIcUo,店名が分からない,,神奈川県藤沢市鵠沼桜が岡3-5-7,【本鵠沼駅ラーメン】麺やBar渦  湘南オシャレ店の絶品ラーメンをすする【Ramen 飯テロ】SUSURU TV.第444回,2017-01-22T09:30:00Z
DJQ4-rIy7_E,店名が分からない,,東京都葛飾区亀有5-45-8,【亀有駅ラーメン】ラーメン ○菅  超極太麺二郎インスパイアをすする【Ramen 二郎系】SUSURU TV.第443回,2017-01-21T09:30:00Z
QP8aRIoSHJM,店名が分からない,,東京都中央区日本橋人形町2-15-17,【水天宮前駅ラーメン】汁なし坦坦麺ピリリ  新星のがっつり系汁なし坦坦麺をすする【Ramen 飯テロ】SUSURU TV.第442回,2017-01-20T09:30:00Z
cLsr0tKq0XI,店名が分からない,,東京都千代田区内神田3-9-6,【神田駅ラーメン】神田ラーメン わいず  ドパンチ濃厚の家系ラーメンをすする【Ramen 飯テロ】SUSURU TV.第441回,2017-01-19T09:30:02Z
gDTGe7kb4VQ,店名が分からない,,埼玉県草加市氷川町845,【草加駅ラーメン】龍が如し  ドデカ炙りチャーシューのつけ麺をすする【Ramen 飯テロ】SUSURU TV.第440回,2017-01-18T09:30:00Z
9z357i9MjTs,店名が分からない,,東京都墨田区錦糸4-6-9,【錦糸町駅ラーメン】麺や佐市  牡蠣盛り！？牡蠣づくしグルメラーメンをすする【Ramen 飯テロ】SUSURU TV.第439回,2017-01-17T09:30:31Z
UbNl2z1OFnk,店名が分からない,,千葉県松戸市上本郷901,【北松戸 ラーメン】肉玉そば　おとど 北松戸本店 本店限定！とみ田×おとどのコラボ麺を全部のせですする【Ramen 飯テロ】SUSURU TV.第438回,2017-01-16T09:30:00Z
JnfK5yiPl3M,店名が分からない,,東京都中央区銀座6-12-12,【銀座 ラーメン】むぎとオリーブ 蛤！鶏！煮干し！トリプルスープのメディアで話題の一杯をすする【Ramen 飯テロ】SUSURU TV.第437回,2017-01-15T09:30:00Z
7iGbaqa_YLU,店名が分からない,,東京都台東区根岸1-3-21,【鶯谷 ラーメン】ラーメン長山 クリーミー濃厚な鶏豚骨ラーメン大盛りをすする【Ramen 飯テロ】SUSURU TV.第436回,2017-01-14T09:30:00Z
2DFrw5unjIk,店名が分からない,,東京都板橋区常盤台4-33-3-201,【上板橋駅ラーメン】蒙古タンメン中本本店  北極を超える激辛ラーメンを誕生日にすする【Ramen 飯テロ】SUSURU TV.第435回,2017-01-13T09:30:01Z
DZ9JOXZN5js,店名が分からない,,東京都足立区千住旭町43-13,【北千住駅ラーメン】みそ味専門マタドール  贅沢な牛骨+味噌ラーメンをすする【Ramen 飯テロ】SUSURU TV.第434回,2017-01-12T09:30:01Z
wgOM4tYgTrk,店名が分からない,,東京都荒川区西日暮里2-18-2,【日暮里駅ラーメン】馬賊  唯一無二の辛くない手打ち坦々麺をすする【Ramen 飯テロ】SUSURU TV.第433回,2017-01-11T09:30:01Z
KLsEihgjTkc,店名が分からない,,東京都足立区千住1-39-12,【北千住 ラーメン】東京屋台らーめん 翔竜 背脂爆盛りのジャンク系油そばをすする【Ramen 飯テロ】SUSURU TV.第432回,2017-01-10T09:30:30Z
DKboc5sTGJM,店名が分からない,,千葉県船橋市印内町599-3,【西船橋駅ラーメン】かいざん  地元民で行列!千葉のソウルフード系ラーメンをすする【Ramen ラーショ系】SUSURU TV.第431回,2017-01-09T09:30:00Z
WNRy-hYYcZY,店名が分からない,,東京都目黒区大橋1-7-2,【池尻大橋駅ラーメン】支那そば 八雲  ガチで旨いワンタン盛りラーメンをすする【Ramen 飯テロ】SUSURU TV.第430回,2017-01-08T09:30:00Z
skuVBPq0LQo,店名が分からない,,東京都北区上十条1-13-2,【十条 ラーメン】流。 大量アブラ煮干そば大盛り！全部のせをすする【Ramen 飯テロ】SUSURU TV.第429回,2017-01-07T09:30:00Z
U8AdktlTe6U,店名が分からない,,東京都新宿区左門町13-2,【四谷三丁目 ラーメン】黒蠍 栄養満点の辛さ！真っ黒の担々麺をコンマニセンチ竹永さんとすする【Ramen 飯テロ】SUSURU TV.第428回,2017-01-06T09:30:00Z
Ktc6w6xgdDc,店名が分からない,,東京都中野区鷺宮3-1-12,【都立家政駅ラーメン】食堂 七彩  手打ち暴れ麺の喜多方ラーメンをすする【Ramen 飯テロ】SUSURU TV.第427回,2017-01-05T09:30:00Z
EvnjtR5B01Q,店名が分からない,,東京都立川市錦町1-2-16,【立川ラーメン】立川マシマシ 二郎系お雑煮ラーメンをすする【二郎インスパイアRamen】SUSURU TV.第426回,2017-01-04T12:41:07Z
7ZaJK5TymlA,店名が分からない,,東京都新宿区新宿2-17-10,【新宿御苑駅ラーメン】二丁目つけめん GACHI  テリヤキフライドチキンつけ麺をすする【Ramen 飯テロ 竹永さん】SUSURU TV.第425回,2017-01-03T09:30:00Z
PWRVXq8qnG0,店名が分からない,,東京都台東区花川戸2-17-9,【浅草 ラーメン】らーめん弁慶 浅草本店 爆盛り背脂！東京を代表するチャッチャ系をすする【Ramen 飯テロ】SUSURU TV.第424回,2017-01-02T09:30:00Z
wncZdlchBxo,店名が分からない,,東京都杉並区和泉2-9-21,【家ラーメン】もみじ屋 2017年誰よりも早く二郎系ラーメンをすする【Ramen 二郎インスパイア】SUSURU TV.第423回,2017-01-01T10:34:36Z
xYDyNGNo2Mo,店の回ではなさそう,,,【家ラーメン】大晦日だし、ゆるく家で年越しラーメンをすする【Ramen コンビニ】SUSURU TV.第422回,2016-12-31T09:30:01Z
yn7v234ECrM,店名が分からない,,東京都杉並区上荻2-40-11,【荻窪 ラーメン】味噌麺処 楓 辛いを超えた旨さ！札幌系味噌ラーメンをすする【Ramen 飯テロ】SUSURU TV.第421回,2016-12-30T09:30:01Z
opG__kVP89I,店名が分からない,,千葉県浦安市富士見2-9-39,【浦安 ラーメン】本気の焼豚 プルプル食堂 焼き豚史上トップクラス！本気の爆盛りをすする【Ramen 飯テロ】SUSURU TV.第420回,2016-12-29T09:30:01Z
-vYR4GQV284,店の回ではなさそう,,,【テレビ】感謝と告知！ありがとうと嬉しいお知らせ！,2016-12-29T09:30:00Z
OH9wtYr1t00,店名が分からない,,東京都豊島区東池袋2-57-2,【池袋駅ラーメン】麺屋 六感堂  ほとんど緑の激うまラーメンをすする【Ramen 飯テロ】SUSURU TV.第419回,2016-12-28T09:30:00Z
9GB9R41WkDo,店名が分からない,,東京都品川区北品川2-25-10,【新馬場駅ラーメン】肉汁らーめん 公  豚一本盛られた二郎系ラーメンをすする【Ramen 飯テロ】SUSURU TV.第418回,2016-12-27T09:30:01Z
S-y2pPOCn4s,店名が分からない,,東京都大田区羽田空港3-3-2,【羽田空港 ラーメン】天鳳 空港店 野菜てんこ盛り！餡かけラーメンをすする【Ramen 飯テロ】SUSURU TV.第417回,2016-12-26T09:30:00Z
PylacRFLbuc,店名が分からない,,沖縄県那覇市松尾2-10-20,【沖縄 ラーメン】坂元激 二郎×中本なラーメンを全国編最終回ですする【Ramen 飯テロ】SUSURU TV.第416回,2016-12-25T12:06:30Z
529zOe8Fv78,店名が分からない,,鹿児島県鹿児島市上荒田31-18,【鹿児島県 ラーメン】麺屋ばってん 親父 イブでもにんにく大量！ネギ爆盛り！のパンチラーメンをすする【Ramen 飯テロ】SUSURU TV.第415回,2016-12-24T09:30:00Z
DLQuyNCd1NI,店名が分からない,,宮崎県宮崎市清武町大字加納甲1836-2,【宮崎県 ラーメン】風来軒 本店 純正豚骨！無鉄砲の師匠店ですする【Ramen 飯テロ】SUSURU TV.第414回,2016-12-23T09:33:06Z
mvYmmeVY2gA,店名が分からない,,大分県別府市南的ヶ浜町5-19,【大分 ラーメン】宝来軒 別府店 無料替玉大食い！九州豚骨全部乗せをすする【Ramen 飯テロ】SUSURU TV.第413回,2016-12-22T09:30:01Z
_XP0Rtgm4OI,店名が分からない,,熊本県熊本市東区戸島4丁目2-47,【熊本 ラーメン】火の国 文龍 総本店 背脂爆食い！中毒性の高い濃厚豚骨をすする【Ramen 飯テロ】SUSURU TV.第412回,2016-12-21T09:30:00Z
3o_SZF3N-tE,店名が分からない,,長崎県長崎市銅座6-8,【長崎 ラーメン】柊 本店 アオサ大食い！栄養満点！健康豚骨ラーメンをすする【Ramen 飯テロ】SUSURU TV.第411回,2016-12-20T09:30:00Z
tPsrTCVXhHs,店名が分からない,,佐賀県三養基郡基山町小倉1642,【佐賀 ラーメン】丸幸ラーメンセンター 基山本店 ワンコインで啜れる！超旨い豚骨をSAGAですする【Ramen 飯テロ】SUSURU TV.第410回,2016-12-19T09:30:01Z
SQ9xlt4GQPg,店名が分からない,,福岡県久留米市通外町11-8,【福岡 ラーメン】大砲ラーメン本店 とんこつラーメン本場の味はガチだった！本当に旨い！とんこつの発祥の味をすする【Ramen 飯テロ】SUSURU TV.第409回,2016-12-18T10:50:02Z
p4RYPmFv3tg,店名が分からない,,山口県下松市駅南1-5-10,【山口 ラーメン】中華そば 紅蘭 牛骨ラーメンの聖地！女性店主が作るマイルド牛骨をすする【Ramen 飯テロ】SUSURU TV.第408回,2016-12-17T09:30:00Z
d_YINy_ROYY,店名が分からない,,広島県広島市南区東雲1-17-4,【広島 ラーメン】面館 超爆盛り回鍋肉ラーメンをすする【Ramen 飯テロ】SUSURU TV.第407回,2016-12-16T09:30:00Z
KcwbY7qWW2I,店の回ではなさそう,,,【オフ会やります】大事なお知らせいろいろ。毎日ラーメンYouTuberから全国中に皆様へ,2016-12-15T11:51:45Z
C51X0ZTsBmc,店名が分からない,,島根県松江市北堀町189,【島根 ラーメン】麪家 ひばり 島根No1！ご当地素材を使った白湯ラーメンをすする【Ramen 飯テロ】SUSURU TV.第406回,2016-12-15T11:44:47Z
CPZMxmW36p8,店名が分からない,,鳥取県倉吉市山根583-2,【鳥取 ラーメン】ラーメン幸雅 20時間煮込んだ！本場鳥取の牛骨ラーメンをすする【Ramen 飯テロ】SUSURU TV.第405回,2016-12-14T11:13:36Z
phOrLbdl130,店名が分からない,,岡山県岡山市北区下石井2-9-46,【岡山 ラーメン】ぼっけゑラーメン 超濃厚ドロドロ豚骨醤油ラーメンと無料キムチですする！【Ramen 飯テロ】SUSURU TV.第404回,2016-12-13T09:30:00Z
wnapkcGF7ac,店名が分からない,,高知県高知市新本町2-15-11,【高知 ラーメン】鍋焼きラーメン 千秋 高知発祥鍋焼きラーメンと爆盛りご飯をすする！【Ramen 飯テロ】SUSURU TV.第403回,2016-12-12T09:30:02Z
pse4jRqIcEA,店名が分からない,,愛媛県松山市河原町4-13,【愛媛 ラーメン】アジト 四国でしかすすれない二郎系の新体系ラーメンをすする！【Ramen 二郎インスパイア】SUSURU TV.第402回,2016-12-11T09:30:00Z
ZQydq_5vmMc,店名が分からない,,香川県高松市片原町1-14,【香川 ラーメン】木蘭 これがうどん県の麺！革新的な麺のラーメンすする！【Ramen うどん飯テロ】SUSURU TV.第401回,2016-12-10T09:30:00Z
94G86TvO4cY,店名が分からない,,徳島県徳島市西大工町4-25,【徳島 ラーメン】いのたに 本店 元祖徳島ラーメン！有名人も足運ぶ超名店ですする！【Ramen 飯テロ】SUSURU TV.第400回,2016-12-09T10:11:06Z
1znl5DEYudE,店名が分からない,,兵庫県尼崎市武庫川町2丁目19-3,【兵庫 ラーメン】らーめん専門 和海 今高評価の無化調ラーメンをすする！【Ramen 飯テロ】SUSURU TV.第399回,2016-12-08T09:30:00Z
5bdRQHsgqSA,店名が分からない,,大阪府大阪市東淀川区下新庄5-1-59,【大阪 ラーメン】ラーメン荘 歴史を刻め本店 ボストンにも展開する超有名富士丸系をすする！【Ramen 飯テロ二郎】SUSURU TV.第398回,2016-12-07T09:30:01Z
T8ktOmtbZKg,店名が分からない,,京都府京都市左京区一乗寺西閉川原町29-7,【京都 ラーメン】麺屋 極鶏 京都No1の超有名店で、超濃厚！個性派、激旨麺をすする！【Ramen 飯テロ】SUSURU TV.第397回,2016-12-06T09:30:00Z
vud5rRxYjxs,店名が分からない,,和歌山県有田市野696,【和歌山 ラーメン】和dining 清乃 食べログ年間ランキング1位にも輝いた激旨名店ですする！【Ramen 飯テロ】SUSURU TV.第396回,2016-12-05T09:39:16Z
IYjMPuagPiU,店の回ではなさそう,,,【全国横断中】奈良で鹿と戦い、屋台ラーメンをすすった話【47日連続プレゼント企画実施中！】,2016-12-04T19:11:33Z
uWfkUR99kgg,店名が分からない,,奈良県奈良市尼辻町433-3,【奈良 ラーメン】まりお流らーめん 高額！世界一濃厚！ラーメンをすする！【Ramen 飯テロ】SUSURU TV.第395回,2016-12-04T10:44:33Z
ZSKg8WJfBUM,店名が分からない,,三重県鈴鹿市住吉1-30-15,【三重 ラーメン】麺や 暁 King of Localラーメンと激うま餃子をマッハですする！【Ramen 飯テロ】SUSURU TV.第394回,2016-12-03T09:30:00Z
KTqrJTp7sBc,店名が分からない,,滋賀県大津市浜大津4-7-35,【滋賀 ラーメン】天下ご麺 大津店 ガチンコラーメン道が生んだ滋賀の大人気店ですする【Ramen 飯テロ】SUSURU TV.第393回,2016-12-02T09:30:00Z
IrQP9urozSk,店名が分からない,,福井県福井市光陽2-10-15,【福井 ラーメン】らーめん岩本屋 福井本店 王道！週5通える系ラーメンをすする【Ramen 飯テロ】SUSURU TV.第392回,2016-12-01T09:30:00Z
fglWzp3A-tg,店名が分からない,,石川県金沢市西念4-7-1,【石川 ラーメン】金澤濃厚中華そば 神仙 フェスでも大行列！濃厚ド豚骨は働く漢に捧げる一杯！をすする！【Ramen 飯テロ】SUSURU TV.第391回,2016-11-30T10:00:57Z
F9geIHmgshw,店名が分からない,,富山県富山市新富町1-3-8,【富山 ラーメン】西町 大喜 富山駅前店 元祖富山ブラックと言われる有名店ですする【Ramen 飯テロ】SUSURU TV.第390回,2016-11-29T09:30:00Z
EypzZifL65c,店名が分からない,,岐阜県岐阜市手力町38-1,【岐阜 ラーメン】元祖 タンメン屋 岐阜本店 替玉100杯は余裕ですすれそうな激うまラーメンをすする【Ramen 飯テロ】SUSURU TV.第389回,2016-11-28T12:13:34Z
zV7myb7_LZ4,店名が分からない,,愛知県名古屋市千種区今池1-12-10,【愛知 ラーメン】味仙 台湾ラーメンの元祖で頂点！名古屋の辛い！旨い！でら旨い！をすする【Ramen 飯テロ辛い】SUSURU TV.第388回,2016-11-27T10:11:13Z
e6EJ-4QVJRE,店名が分からない,,静岡県島田市御仮屋町8770,【静岡 ラーメン】麺屋 燕 静岡人気No.1！老若男女に愛される塩ラーメンをすする【Ramen 飯テロ注意】SUSURU TV.第387回,2016-11-26T09:35:09Z
Y2JhoHy6tio,店名が分からない,,山梨県中巨摩郡昭和町清水新居59-1,【山梨 ラーメン】中華蕎麦 うゑず とみ田で修行した店主の山梨No.1との呼び声も高いつけ麺をすする【Ramen 飯テロ】SUSURU TV.第386回,2016-11-25T09:30:00Z
rAMjDW7O_mk,店名が分からない,,長野県松本市征矢野2-5-5,【長野 ラーメン】凌駕 IDEA 信州ご当地麺に名乗りを上げた鶏ガラ醤油ラーメンをすする【Ramen 飯テロ】SUSURU TV.第385回,2016-11-24T10:14:15Z
_CLEjBbKaJQ,店名が分からない,,新潟県燕市燕49-4,【新潟ラーメン】杭州飯店  大量背脂でもガンガンいける！チャッチャ系の元祖、燕系ラーメンをすする【Ramen 飯テロ】SUSURU TV.第384回,2016-11-23T11:31:10Z
uX6DR10Yysc,店名が分からない,,東京都足立区西新井1-7-7,【東京ラーメン】ラーメン富士丸 西新井大師店  SUSURUイチオシ独自の二郎系ラーメンをすする【Ramen Jiro二郎インスパイア】SUSURU TV.第383回,2016-11-22T11:43:04Z
BXvmgRSyUCw,店名が分からない,,千葉県松戸市松戸1339,【千葉 ラーメン】中華蕎麦とみ田  4時間待って日本屈指のつけ麺をすする【Ramen 飯テロ】SUSURU TV.第382回,2016-11-21T09:30:07Z
hG5dQe27ORo,店名が分からない,,神奈川県横浜市神奈川区西神奈川3-1-5,【神奈川ラーメン】六角家本店  家系総本山直系のラーメンをすする【Ramen 飯テロ】SUSURU TV.第381回,2016-11-20T09:30:00Z
ARgvZLCCpR4,店名が分からない,,埼玉県比企郡川島町伊草298-20,【埼玉ラーメン】中華そば四つ葉  埼玉NO.1にも輝いた中華そばをすする【Ramen 飯テロ】SUSURU TV.第380回,2016-11-19T09:30:00Z
4wS5UgYqzyQ,店名が分からない,,群馬県前橋市関根町2-23-2,【群馬ラーメン】らーめん つの旨  二郎直系に最も近い！？インスパイアをすする【Ramen 二郎インスパイア】SUSURU TV.第379回,2016-11-18T09:30:01Z
xAnh0QUiyfY,店名が分からない,,茨城県つくば市稲岡728-13,【茨城ラーメン】喜乃壺  不思議な麺の煮干醤油ラーメンをすする【Ramen 飯テロ】SUSURU TV.第378回,2016-11-17T09:30:00Z
GaSMEhuDkL0,店名が分からない,,栃木県佐野市高萩町437-7,【栃木ラーメン】万里  有名人も通う佐野ラーメンをすする【Ramen 飯テロ】SUSURU TV.第377回,2016-11-16T09:30:00Z
PfJeRhxPJ8I,店名が分からない,,福島県白河市双石滝ノ尻1,【福島ラーメン】とら食堂  白河ラーメン発祥の地ですする【Ramen 飯テロ】SUSURU TV.第376回,2016-11-15T09:30:00Z
lE7hiZhvaG0,店名が分からない,,山形県山形市西田2-1-17,【山形ラーメン】ケンチャンラーメン 山形  10年に1杯しかすすれないラーメンをすする【Ramen 飯テロ】SUSURU TV.第375回,2016-11-14T09:47:58Z
4x3RCLHNExM,店名が分からない,,宮城県仙台市泉区市名坂新道18-1,【宮城ラーメン】自家製太麺 渡辺  全てが極な行列店ですする【Ramen 飯テロ】SUSURU TV.第374回,2016-11-13T09:30:00Z
qGZcLrK32iw,店名が分からない,,岩手県盛岡市大通2-2-15,【岩手ラーメン】柳家本店  レアチーズ納豆キムチラーメンをすする【Ramen 飯テロ】SUSURU TV.第373回,2016-11-12T09:30:01Z
bsNr2p7Jax4,店名が分からない,,秋田県秋田市広面土手下114-1,【秋田ラーメン】ラーメン マシンガン  初めて見るタイプの二郎系をすする【Ramen 二郎インスパイア】SUSURU TV.第372回,2016-11-11T09:30:00Z
tSg_rCSQ5ww,店名が分からない,,青森県青森市新町1-6-12,【青森ラーメン】くどうラーメン  青森を堪能できるラーメンをすする【Ramen 飯テロ】SUSURU TV.第371回,2016-11-10T09:42:07Z
fVyx98PJSgE,店名が分からない,,北海道札幌市豊平区中の島2条4-7-28,【北海道ラーメン】すみれ札幌本店  超有名味噌ラーメンを本店ですする【Ramen 飯テロ】SUSURU TV.第370回,2016-11-09T09:30:01Z
th5hxKPkgsc,店の回ではなさそう,,,【毎日ラーメン生活】全国行脚中のラーメンyoutuberから色々お知らせ！SUSURU TV.第370.5回【よろしくお願いします】,2016-11-09T09:30:01Z
GlTnodi6B_U,店名が分からない,,埼玉県さいたま市大宮区北袋町1-333,【駒澤大学駅ラーメン】東京ラーメンショー2016  都内最大級フェスですする【Ramen コンマニセンチ竹永】SUSURU TV.第369回,2016-11-08T09:30:00Z
XON-tbEisBQ,店名が分からない,,埼玉県さいたま市大宮区北袋町1-333,【与野駅ラーメン】つけ麺どでん  二郎系富士丸インスパイアつけ麺をすする【Ramen 二郎インスパイア】SUSURU TV.第368回,2016-11-07T09:30:00Z
nqJRUp1O_WM,店名が分からない,,神奈川県横浜市港北区日吉本町1-3-19,【日吉駅ラーメン】武蔵家日吉店  コスパ最高！家系ラーメンを学生気分ですする【Ramen 飯テロ】SUSURU TV.第367回,2016-11-06T09:30:01Z
VJgCoePt5Go,店名が分からない,,東京都町田市森野3-18-17,【町田駅 ラーメン】町田汁場 進化 塩ラーメンはココ！ってくらい塩の名店ですする【飯テロ 全国一周】SUSURU TV.第366回,2016-11-05T09:30:00Z
qZv5o-W6fmI,店の回ではなさそう,,,【毎日ラーメン生活】1年間毎日ラーメンをすすり続けた男がだらだら振り返ります！【1周年】,2016-11-04T14:35:52Z
kjeB2mVyLQ0,店名が分からない,,東京都世田谷区池尻,【第二回 オフ会】SUSURU TV.第二回オフ会　毎日ラーメン健康生活1周年記念【日清カップヌードル  国立音楽院】SUSURU TV.第365回,2016-11-04T12:08:56Z
BYBfu4uNmi4,店名が分からない,,埼玉県川越市小堤910-28,【鶴ヶ島駅ラーメン】魔人豚  ラーメン二郎直系を受け継ぐラーメンをすする【Ramen 二郎インスパイア】SUSURU TV.第364回,2016-11-03T09:30:30Z
56yKQ9BKsAs,店名が分からない,,東京都文京区本駒込6-5-4,【巣鴨駅 ラーメン】千石自慢ラーメン 本店 大食い王とチャッチャ系大盛り麺をすする【飯テロ Draco】SUSURU TV.第363回,2016-11-02T09:30:00Z
K9lXj4Vve0M,店名が分からない,,東京都八王子市中野町2686-11,【西八王子駅ラーメン】ラーメンエース  こだわりの二郎系ラーメンをすする【Ramen 二郎インスパイア】SUSURU TV.第362回,2016-11-01T09:30:00Z
qee6kwa4Az4,店の回ではなさそう,,,【重大告知】1周年を迎える毎日ラーメンyoutuberからお知らせ＆お願い！　SUSURU TV.題361.5回【よろしくお願いします！】,2016-10-31T10:03:12Z
H2gEtVSWFVk,店名が分からない,,埼玉県所沢市緑町1-1-6,【新所沢駅ラーメン】立川マシマシSSR  最大級盛りの二郎系ラーメンを再びすする【Ramen 二郎インスパイア】SUSURU TV.第361回,2016-10-31T10:03:11Z
voNxJNHtltE,店名が分からない,,東京都新宿区歌舞伎町2丁目42-3,【新宿駅 ラーメン】大つけ麺博presentsつけ麺VSラーメン第4陣 限定コラボラーメンをすする【飯テロ 初デッカチャン】SUSURU TV.第360回,2016-10-30T09:30:01Z
L7uYhYW6-0c,店名が分からない,,東京都練馬区平和台4-21-10,【平和台駅ラーメン】はつがい商店  上品でばっちり旨い鶏塩そばをすする【Ramen 飯テロ】SUSURU TV.第359回,2016-10-29T09:30:00Z
z58mZeidZ3k,店名が分からない,,東京都中野区野方3-22-8,【野方駅ラーメン】つけ麺 花みずき  最も辛いかもしれないつけ麺をすする【Ramen 飯テロ】SUSURU TV.第358回,2016-10-28T09:30:01Z
6qoR26roLtc,店名が分からない,,東京都中央区八丁堀2-13-2,【八丁堀駅 ラーメン】麺や 七彩 八丁堀店 打ち立ての日本三大ラーメン喜多方ラーメンをすする【飯テロ 喜多方】SUSURU TV.第357回,2016-10-27T09:30:02Z
HLomyq-pOwI,店名が分からない,,東京都杉並区和泉2-9-21,【明大前駅ラーメン】ラーメンもみじ屋  二郎系で最もすすった!?ラーメンをすする【Ramen 二郎インスパイア】SUSURU TV.第356回,2016-10-26T09:30:00Z
g4t0pFjHp1I,店名が分からない,,埼玉県越谷市大里617−5,【大袋駅 ラーメン】居酒屋 こまめ 超有名二郎系桐龍さんの麺・スープを使ったつけ麺をすする【飯テロ 二郎系】SUSURU TV.第355回,2016-10-25T09:30:01Z
904bXPpnZYM,店名が分からない,,東京都世田谷区池尻,【内宿駅ラーメン】中華そば輝羅  限定の絶品ラーメンを二杯すする【Ramen 飯テロ】SUSURU TV.第354回,2016-10-24T09:30:01Z
oshDHFNmslY,店名が分からない,,東京都町田市金森4-1-1,【成瀬駅 ラーメン】天国屋 ラーメンWalker 第一位[多摩・武蔵野地区]なイワシ出汁の激旨ラーメンをすする【飯テロ No.1 ラーメン女子 森本】SUSURU TV.第353回,2016-10-23T09:30:00Z
BZ_WvMOv87s,店名が分からない,,埼玉県さいたま市浦和区常盤9-16-7,【北浦和駅 ラーメン】柳麺 呉田 ラーメン雑誌にも掲載される実力派新店ですする！【飯テロ ラーメン】SUSURU TV.第352回,2016-10-22T09:30:00Z
I8URyxHRz14,店名が分からない,,東京都世田谷区池尻,【応募締め切りました】毎日ラーメンyoutuberの第二回オフ会開催！告知　SUSURU TV第352.5回（オフ会告知編）【感謝です！】,2016-10-22T09:30:00Z
EKGRkQfQEXo,店名が分からない,,埼玉県桶川市下日出谷928-12,【桶川駅ラーメン】NOODLE BASE TRICK☆STAR  色々楽しい坦々つけ麺をすする【Ramen 飯テロ】SUSURU TV.第351回,2016-10-21T10:28:30Z
EKHvprZTfHg,店名が分からない,,東京都新宿区歌舞伎町2丁目42-3,【新宿駅 ラーメン】大つけ麺博presents つけ麺VSラーメン 第三陣 全国の名店集結したフェスですする【飯テロ はいじぃ コンマニセンチ竹永】SUSURU TV.第350回,2016-10-20T09:52:33Z
9lgLh77BhXY,店名が分からない,,千葉県で一番の濃厚さを誇る煮干しのお店!,【東千葉駅ラーメン】濃麺 海月 千葉県で最強と謳われる煮干しラーメンをすする【Ramen 飯テロ】SUSURU TV.第349回,2016-10-19T09:30:00Z
yeNR0hGzabo,店の回ではなさそう,,,[MV] ラーメン大国NIPPON / SUSURU TV.　(2000万再生突破記念MV),2016-10-18T12:39:49Z
ZnhEeoQj8Hw,店名が分からない,,東京都台東区下谷1-11-7,【入谷駅 ラーメン】麺処 晴 東京No.1!?限定超濃厚煮干しラーメンをすする【飯テロ Ramen】SUSURU TV.第348回,2016-10-18T10:04:05Z
C95kzGGYO2Y,店名が分からない,,埼玉県春日部市大場1114-1,【武里駅 ラーメン】煮干乱舞 屋台ラーメンの名店の移転OPENを記念してすする！【飯テロ Ramen】SUSURU TV.第347回,2016-10-17T09:30:00Z
wX5MQ9JqV2o,店名が分からない,,東京都千代田区九段南4-5-11,【市ヶ谷駅 ラーメン】黄金の塩らぁ麺 DueItalian 女性人気高しな生ハムラーメンをすする！【飯テロ Ramen】SUSURU TV.第346回,2016-10-16T09:49:48Z
VP6QIyDDBXE,店名が分からない,,東京都新宿区歌舞伎町2丁目42-3,【西武新宿駅ラーメン】大つけ麺博Presentsつけ麺VSラーメンの第二陣でいっぱいをすする【Ramen カブキン・おしゃす】SUSURU TV.第345回,2016-10-15T09:30:00Z
cwV7BVcXO0E,店名が分からない,,東京都練馬区石神井台7-23-10,【武蔵関駅 ラーメン】来来亭 石神井店 西日本最大勢力？！の旨辛麺をすする【飯テロ Hot Ramen】SUSURU TV.第344回,2016-10-14T09:30:00Z
vNaOcHxx2Y8,店名が分からない,,東京都足立区千住東2-4-17,【北千住駅ラーメン】牛骨らぁ麺マタドール本店　牛の旨み満載のラーメンをすする【Ramen 飯テロ】SUSURU TV.第343回,2016-10-13T09:30:01Z
yDOZbL4TggE,店の回ではなさそう,,,毎日ラーメンYoutuber SUSURUのオススメするラーメン屋大発表！【後編】,2016-10-12T12:35:08Z
5qN4xmt6L_I,店名が分からない,,東京都渋谷区渋谷3-13-7,【渋谷駅 ラーメン】らーめん山頭火 渋谷店 旭川観光大使と旭川発祥塩豚骨をすする【飯テロ クミッチェル】SUSURU TV.第342回,2016-10-12T12:24:10Z
mehyuTChVLM,店の回ではなさそう,,,毎日ラーメンYoutuber SUSURUのオススメするラーメン屋大発表！【前編】,2016-10-11T17:15:02Z
-hlbS_DzLZc,店名が分からない,,茨城県つくば市学園南2丁目1,【研究学園駅 ラーメン】つくばラーメンフェスタ2016 伝説の一杯がここで生まれる！フェスラーメンをすする【飯テロ Ramen】SUSURU TV.第341回,2016-10-11T13:21:40Z
eaesKVf1ygk,店名が分からない,,東京都文京区本郷5-23-11,【本郷三丁目駅 ラーメン】山手ラーメン 本郷 安庵 スーパーフード入りの超健康ラーメンをすする！【飯テロ SuperFood】SUSURU TV.第340回,2016-10-10T09:30:01Z
dx6J4zHbgTc,店名が分からない,,東京都千代田区神田佐久間町3-20-1,【秋葉原 ラーメン】青島食堂 秋葉原店 超人気！超有名！これぞ長岡ラーメン！な一杯をすする！【飯テロ Ramen】SUSURU TV.第339回,2016-10-09T09:30:01Z
ERzzgNF9Sik,店名が分からない,,埼玉県草加市栄町3-3-21,【松原団地駅ラーメン】NOODLE STOCK 鶴おか　最上級プラチナな油そばをすする【Ramen 竹永コラボ】SUSURU TV.第338回,2016-10-08T10:00:00Z
ACQJcenw27g,店名が分からない,,神奈川県横浜市港南区上大岡西3-19-18,【上大岡駅ラーメン】ドラごんち　ドラゴン級の激辛坦々麺をすする【Ramen 飯テロ】SUSURU TV.第337回,2016-10-07T09:30:00Z
BFgB0t1HgnQ,店名が分からない,,東京都西東京市ひばりが丘北3-3-21,【ひばりヶ丘駅ラーメン】麺工房 大番　ラーメン女子森本さん的ご近所ラーメンをすする【Ramen 森本聡子コラボ】SUSURU TV.第336回,2016-10-06T10:05:07Z
UhiE9_SElWk,店名が分からない,,東京都大田区西糀谷3-43-11,【糀谷駅 ラーメン】油そば専門店 笑麺亭 糀谷本店 世界の終わりでもすすりたくなる油そばをすする【sekainoowari Ramen】SUSURU TV.第335回,2016-10-05T09:57:23Z
Q5hI4_t-YZ4,店名が分からない,,東京都中野区中野1-41-45,【中野駅ラーメン】豚野郎　一日100杯限定豚骨ラーメンをすする【Ramen 飯テロ】SUSURU TV.第334回,2016-10-04T09:30:01Z
8Qe4IBCsmCQ,店名が分からない,,東京都江東区門前仲町1-16-5,【門前仲町駅ラーメン】麺屋縁道　ビジネス街で人気のつけ麺をすする【Ramen 飯テロ】SUSURU TV.第333回,2016-10-03T09:30:00Z
z_FGZI4_mXg,店名が分からない,,東京都杉並区高円寺南4-7-1,【高円寺駅 ラーメン】煮干し中華そば 麺屋 銀星 あのロックミュージシャンもたまに横切る交差点のラーメン店ですする！【Japanese Ramen】SUSURU TV.第332回,2016-10-02T09:30:03Z
Z4lAHBbbneE,店名が分からない,,埼玉県草加市栄町2-9-12,【松原団地駅ラーメン】鷹の眼　大食い二郎系まぜそばをすする【Ramen ロシアン佐藤・竹永コラボ】SUSURU TV.第331回,2016-10-01T10:00:02Z
i5m2ct0G3kw,店名が分からない,,東京都渋谷区渋谷2-9-10,【渋谷駅 ラーメン】広島麺バルばくだん屋 渋谷店 ？辛という未知の辛さまで選択可！広島つけ麺で祝・リーグ優勝ですする！！【Hot Ramen】SUSURU TV.第330回,2016-09-30T10:12:52Z
SHPQPA_zyac,店名が分からない,,東京都小金井市梶野町3-17-12,【東小金井駅 ラーメン】一平ソバ　しょっぱ旨油そばをすする【Ramen 飯テロ】SUSURU TV.第329回,2016-09-29T09:30:00Z
LEMCduproCY,店名が分からない,,東京都豊島区池袋3-1-4,【池袋 要町駅 ラーメン】麺処 篠はら SUSURU史上最強級の○○？！一年目で行列当たり前の人気店ですする！【Japanese Ramen】SUSURU TV.第328回,2016-09-28T09:30:01Z
d6myy7bOuIU,店名が分からない,,東京都世田谷区桜3-8-13,【上町駅 ラーメン】らーめん陸　二郎直系級の飯テロラーメンをすする【二郎インスパイア わっきー・品川イッコーコラボ】SUSURU TV.第327回,2016-09-27T10:00:02Z
e-KZlKPaXio,店名が分からない,,埼玉県ふじみ野市上福岡6-5-4,【上福岡駅 ラーメン】麺屋 鶏口 100％の淡麗鶏だし！貴婦人もすすれる上品スープ【chicken Ramen】SUSURU TV.第326回,2016-09-26T09:49:26Z
4fOJYW6J4Sk,店名が分からない,,埼玉県川越市仲町2-2,【本川越駅 ラーメン】アキラ　チャーハンのせ二郎系油そばをすする【二郎インスパイアRamen】SUSURU TV.第325回,2016-09-25T09:30:01Z
Eqjx6y-NoY8,店名が分からない,,埼玉県さいたま市北区東大成町1-544,【北大宮駅 ラーメン】狼煙　王道濃厚、魚介豚骨つけ麺をすする【Kingdom Ramen】SUSURU TV.第324回,2016-09-24T09:30:01Z
2ommhiWelRo,店名が分からない,,東京都豊島区東池袋1-13-14,【池袋駅 ラーメン】カラシビ味噌らーめん鬼金棒 鬼辛シビレ！別次元の刺激！【飯テロ Ramen】SUSURU TV.第323回,2016-09-23T09:30:01Z
yQM3YbWYszc,店名が分からない,,東京都葛飾区東新小岩1-3-7,【新小岩駅 ラーメン】つけ麺一燈　超人気系列店でサバカレーをすする【Curry Ramen】SUSURU TV.第322回,2016-09-22T09:30:02Z
P0ewNNSF9hg,店名が分からない,,東京都港区西新橋1-15-7,【新橋駅 ラーメン】おらが ホタテスープ!?最高級出汁のラーメンをすする【Rich Ramen】SUSURU TV.第321回,2016-09-21T09:30:00Z
nzjGqrwqu4A,店名が分からない,,東京都江東区富岡1-22-26,【門前仲町駅 ラーメン】支那そば しんば 次期キング確定の醤油チャーシュー麺をNewOpen店ですする【Vogue Ramen】SUSURU TV.第320回,2016-09-20T09:30:45Z
93CpWmbVJO8,店名が分からない,,栃木県宇都宮市西川田1-1543-1,【栃木県 ラーメン】BOOTH ピリッと辛い！味噌香る一杯をコンマニセンチ竹永さんとすする【Hot Ramen】SUSURU TV.第319回,2016-09-19T10:00:01Z
r7--nuM8mf8,店名が分からない,,群馬県に降り立ったぜ!,【初！群馬県 ラーメン】自家製ラーメン大者 群馬の二郎系と言えばココ！有名二郎インスパイアをコラボですする！【Jiro Ramen竹永・パーマ大佐】SUSURU TV.第318回,2016-09-18T10:20:47Z
nf4BBnOnVpE,店名が分からない,,埼玉県さいたま市緑区三室1207-4,【北浦和駅 ラーメン】ラーメンの店 どでん　二郎系爆盛り？！いえ富士丸系ドカ盛りやで！【Jiro Ramen】SUSURU TV.第317回,2016-09-17T09:30:27Z
gmmMKUn-JLE,店の回ではなさそう,,,SUSURU TV.初の質問コーナー！ラーメンYouTuberの私生活とは？1番美味しいラーメンは？【後編】,2016-09-17T09:30:00Z
JmygD6R3fYE,店名が分からない,,東京都渋谷区神宮前1-8-5,【原宿駅 ラーメン】龍の子　有名店のシェフがオススメする坦々麺をすする【Ramen Pro】SUSURU TV.第316回,2016-09-16T09:30:01Z
InINUPGAfE8,店名が分からない,,東京都千代田区外神田3-7-12,【秋葉原駅 ラーメン】肉汁麺ススム　肉一面の中太麺ラーメンをすする【Japanese Ramen】SUSURU TV.第315回,2016-09-15T09:30:03Z
dUq9oGwduag,店名が分からない,,東京都練馬区東大泉5-41-22,【大泉学園駅 ラーメン】麺屋 蕃茄　美容健康効果絶大？！トマト入りつけ麺をすする【Tomato Ramen】SUSURU TV.第314回,2016-09-14T10:40:31Z
dnMXkyEbDJ4,店名が分からない,,東京都千代田区神田松永町17-3,【秋葉原駅 ラーメン】らーめん忍者　二郎直系の様な二郎インスパイアなのに超ジャンク爆盛りの一杯をすする【ラーメン二郎】SUSURU TV.第313回,2016-09-13T09:30:01Z
b9FS7C3PS34,店名が分からない,,東京都千代田区神田和泉町2-15,【秋葉原駅 ラーメン】饗 くろ㐂　アキバで昔から大人気の塩そばをすする【Akiba Ramen】SUSURU TV.第312回,2016-09-12T09:30:00Z
_mKbr1wJsFk,店名が分からない,,東京都渋谷区千駄ヶ谷5-29-7,【新宿駅 ラーメン】GingerNoodleSpot 角栄　大食い女王と仲良し芸人さんとハイクオリティー麺をすする【ロシアン佐藤・竹永】SUSURU TV.第311回,2016-09-11T10:00:03Z
27fhyBHZRu8,店の回ではなさそう,,,SUSURU TV.初の質問コーナー！ラーメンYouTuberの私生活とは？1番美味しいラーメンは？【前編】,2016-09-10T09:30:00Z
5L3-eKxpMXQ,店名が分からない,,東京都杉並区和泉3-5-3,【永福町駅 ラーメン】永福町大勝軒 これが日本代表!50年以上の歴史を持つ懐かしの一杯をすする【Japan Ramen】SUSURU TV.第310回,2016-09-10T09:30:00Z
EZDQJ4fhw5o,店名が分からない,,東京都新宿区歌舞伎町2丁目43,【新宿 大久保公園 ラーメン】激辛グルメ祭り 蒙古タンメン中本の激辛冷やし麺を辛いものフェスですする【Ramen 大食い】SUSURU TV.第309回,2016-09-09T09:30:00Z
j0MhpX-1lr4,店の回ではなさそう,,,【品川駅 ラーメン】バーミヤン　超有名チェーン店の新三大ラーメン祭りですする【Ramen Fes.】SUSURU TV.第308回,2016-09-08T09:55:12Z
gknaAvkdt7s,店名が分からない,,東京都渋谷区道玄坂2-23-1,【渋谷駅 ラーメン】俺流餃子楼　渋谷で話題沸騰中の餃子店のラーメンをすする【Gyoza Ramen　視聴者サービス有】SUSURU TV.第307回,2016-09-07T09:30:01Z
VM_rHCzmFbA,店名が分からない,,東京都千代田区三崎町2-15-5,【水道橋駅 ラーメン】勝本 本店　最高級の濃厚な魚介スープをすする【コンマ二センチ&与論やまぐ学校 Ramen】SUSURU TV.第306回,2016-09-06T10:00:03Z
6Wpk7uqvGO0,店名が分からない,,東京都小金井市梶野町5-1-19,【東小金井駅 ラーメン】くじら食堂　1年で都内トップクラスになった人気ラーメンをすする【Japanese Ramen】SUSURU TV.第305回,2016-09-05T10:00:01Z
msaTm6Ny_zg,店名が分からない,,埼玉県志木市本町5-25-6,【志木駅 ラーメン】替玉千里眼 志木店　あの二郎系千里眼で替玉できるNEW SHOPですする【Jiro Ramen】SUSURU TV.第304回,2016-09-04T09:30:01Z
CyYNuMidb1Q,店名が分からない,,東京都葛飾区亀有5-28-17,【亀有駅 ラーメン】つけ麺 道　憧れの超有名つけ麺をすする【Top Tsuke Ramen】SUSURU TV.第303回,2016-09-03T09:30:01Z
0v13f3OMC68,店名が分からない,,東京都千代田区三崎町2-22-5,【水道橋駅 ラーメン】旨辛ラーメン 表裏　旨さと辛さが表裏一体の大人気店ですする【Hot Ramen】SUSURU TV.第302回,2016-09-02T09:30:01Z
QEvPGRRqM2w,店名が分からない,,東京都豊島区巣鴨1-14-1,【巣鴨駅 ラーメン】Japanese Soba Noodles 蔦 世界的に有名なラーメンをすする【ENG SUB World Ramen】 SUSURU.TV 第301回,2016-09-01T09:30:01Z
10aEvqlxOSg,店名が分からない,,東京都練馬区豊玉上1-20-13,【江古田駅 ラーメン】天下一品江古田店　こってり大人気チェーン店のオリジナルスープをすする【Tenkaippin Ramen】SUSURU TV.第300回,2016-08-31T09:30:01Z
HINfPWAEjKk,店名が分からない,,埼玉県春日部市緑町3-4-59,【一ノ割駅 ラーメン】オランダ亭　巷で話題沸騰中の人気店の！新潟長岡ラーメンをすする【trend Ramen】SUSURU TV.第299回,2016-08-30T09:46:39Z
58EGnolPstc,店名が分からない,,茨城県つくば市栗原2857-8,【茨城県 ラーメン】はりけんラーメン　鶏の旨味凝縮の鶏白湯と史上最高のエビっぷりまぜそばをすする【Chicken Ramen】SUSURU TV.第298回,2016-08-29T09:30:00Z
WE71aIXj9kw,店名が分からない,,神奈川県横浜市保土ケ谷区上星川2-3-1,【上星川駅 ラーメン】寿々喜家　さっぱりすっきりな王道家系ラーメン全部乗せですする【Iekei Ramen】SUSURU TV.第297回,2016-08-28T09:30:01Z
Wg3O_7Ok8e8,店名が分からない,,神奈川県横浜市南区吉野町4-20,【吉野町駅 ラーメン】鶏喰～TRICK～　神奈川食べログ1位のラーメンをすする【No.1 Ramen】SUSURU TV.第296回,2016-08-27T09:30:00Z
yiP7pDzfVh8,店名が分からない,,東京都国分寺市本町2-2-15,【国分寺駅 ラーメン】麺創研紅 国分寺　極太乱切り辛旨つけ麺をすする【Hot Ramen】SUSURU TV.第295回,2016-08-26T09:30:00Z
v0waYBt8p1U,店名が分からない,,千葉県松戸市北松戸3-1-76,【松戸 ラーメン】雷 本店　豚がドカ盛りされたビギナーにも勧めたい正統派二郎系をすする【Jiro Ramen】SUSURU TV.第294回,2016-08-25T09:30:02Z
nrKlIS1JONU,店名が分からない,,埼玉県草加市高砂2-5-5,【草加駅 ラーメン】麺屋時茂　最高峰の濃厚！鶏白湯ラーメンをすする【Chicken Ramen】SUSURU TV.第293回,2016-08-24T09:30:01Z
JlIL4BInvqU,店名が分からない,,東京都葛飾区新小岩1-23-7,【新小岩駅 ラーメン】煮干し中華そば 一燈　高級日本食の様な完成された煮干しつけ麺をすする【Expensive Ramen】SUSURU TV.第292回,2016-08-23T09:30:00Z
qWDgwEZWPpo,店名が分からない,,東京都台東区上野6-7-3,【御徒町駅 ラーメン】麺屋武蔵 武骨　丸々豚一本入ったチャーシュー麺をすする【Musashi Ramen】SUSURU TV.第291回,2016-08-22T09:30:00Z
1O7zVwGEpSg,店名が分からない,,栃木県小山市八幡町1-1-18,【栃木県 ラーメン】ハイマウント　二郎インスパイアスーパージャンクまぜそばをすする【二郎系 Jiro Ramen】SUSURU TV.第290回,2016-08-21T09:30:01Z
7ZLwZyPsE38,店名が分からない,,神奈川県横浜市神奈川区六角橋2-10-1,【白楽駅 ラーメン】ファットン　豚が主役のパワー系二郎系ラーメンをすする【Jiro Ramen】SUSURU TV.第289回,2016-08-20T09:30:00Z
r8gI2TRT2Lc,店名が分からない,,千葉県佐倉市井野1491-1,【勝田台駅 ラーメン】どてちんⅢ　激辛過ぎる!けど旨い二郎系！？なラーメンをすする！【Spicy Jiro Ramen】SUSURU TV.第288回,2016-08-19T10:08:59Z
ZhP7rCbshbU,店名が分からない,,東京都板橋区板橋1-16-2,【板橋駅 ラーメン】麺屋ブッチャー　背脂鬼盛りパワフルチャッチャ系ラーメンをすする【Devil Ramen】SUSURU TV.第287回,2016-08-18T09:30:00Z
4dPxMLr4Gk4,店名が分からない,,東京都千代田区神田佐久間町2-10,【秋葉原駅 ラーメン】カラオケパセラ 秋葉原昭和通り館 歌いながらすすれる超本格的二郎系ラーメンをすする【KARAOKE Ramen】SUSURU TV.第286回,2016-08-17T10:00:00Z
T-qWLT0j2r0,店名が分からない,,青森県弘前市泉野5-5-15,【青森県 ラーメン】スタミナ一番　コスパ最高の絶品中華そばをすする【Aomori Ramen　津軽弁実況】SUSURU TV.第285回,2016-08-16T09:30:01Z
89CeDqDNWGM,店名が分からない,,青森県青森市新城山田588-16,【青森県 ラーメン】中華そばひらこ屋　行列のできる青森の有名店ですする【Aomori Famous Ramen】SUSURU TV.第284回,2016-08-15T09:30:00Z
diRC6AzSSVE,店名が分からない,,青森県で最近ハマり気味の煮干しつけ麺をすすりました!,【青森県 ラーメン】にぼshin. 弘前店　札幌発の煮干しつけ麺を青森ですする【Fish Ramen】SUSURU TV.第283回,2016-08-14T09:30:00Z
pWw2h7J1oZk,店名が分からない,,東京都千代田区平河町1-3-10,【麹町駅 ラーメン】ソラノイロ 妊婦さんとすする！超健康、野菜ラーメンをすする【Vegan Ramen withはるにゃん】SUSURU TV.第282回,2016-08-13T09:30:00Z
57jYeqAZIK8,店名が分からない,,東京都港区高輪3-26-20,【品川駅 ラーメン】蒙古タンメン中本 北極！激辛！夏は汗かくラーメンをすする【Hot Ramen japan】SUSURU TV.第281回,2016-08-12T09:30:01Z
BYdhUj4SUCo,店名が分からない,,東京都渋谷区桜丘町24-8,【渋谷駅 ラーメン】タイ料理研究所　渋谷駅近のオススメタイラーメンをすする【Thailand Ramen　わっきー】SUSURU TV.第280回,2016-08-11T10:00:01Z
jWsbZ4cDOBI,店名が分からない,,東京都渋谷区千駄ヶ谷5-33-16,【新宿駅 ラーメン】五ノ神製作所 超人気海老つけ麺を「まいめん」＆「美活男子」とすする【Shrimp Ramen】SUSURU TV.第279回,2016-08-10T10:00:03Z
sGNk-Zfyr98,店名が分からない,,埼玉県北足立郡伊奈町栄3-143-3,【蓮田駅 ラーメン】麺処いぐさ　ハンバーガーみたいなまぜ麺をすする【Junk Ramen】SUSURU TV.第278回,2016-08-09T09:30:01Z
R3oDh3onEVk,店名が分からない,,埼玉県幸手市東4-1-24,【幸手駅 ラーメン】麺屋 葵 塩がギリッと効いた近年大注目の鴨出汁塩ラーメンをすする【Duck Ramen】SUSURU TV.第277回,2016-08-08T10:22:46Z
081etMw3FoA,店名が分からない,,東京都江戸川区南小岩5-3-16,【小岩駅 ラーメン】江戸川ヌードル 悪代官 超ヘビー級チキン南蛮ラーメンをすする【Noodle Ramen】SUSURU TV.第276回,2016-08-07T09:30:01Z
ai27QFgxV0o,店名が分からない,,東京都国分寺市本町2-13-8,【国分寺駅 ラーメン】まぜまぜ ムタヒロ3号店 ジャンクまぜそばを国分寺ですする【Kokubunji Ramen】SUSURU TV.第275回,2016-08-06T09:30:01Z
mkxuz1DQx20,店名が分からない,,東京都新宿区歌舞伎町2-27-7,【新宿駅 ラーメン】利しり スッポン入り灼熱辛旨ラーメンをすする【Heat Ramen】SUSURU TV.第274回,2016-08-05T09:30:00Z
ETUWjIJILdw,店名が分からない,,東京都国分寺市南町3-15-9,【国分寺駅 ラーメン】中華そば ムタヒロ１号店　背油濃厚で煮干し香る！韓国にも進出した大人気店ですする【Kokubunji Ramen】SUSURU TV.第273回,2016-08-04T09:30:01Z
B1hdKBB9LOA,店名が分からない,,東京都多摩市関戸2-24-26,【聖蹟桜ヶ丘駅 ラーメン】麺 虎テツ　隠れ家的人気店で肉汁鰹つけ麺をすする【Ramen tsukemen】SUSURU TV.第272回,2016-08-03T09:30:00Z
3aAejfHnEj4,店名が分からない,,東京都新宿区西新宿1-4-7,【新宿駅 ラーメン】らぁめんほりうち　納豆の入ったまさに健康ラーメンをすする【Japanese Ramen】SUSURU TV.第271回,2016-08-02T09:30:01Z
xPEYt9gkveo,店名が分からない,,東京都江東区大島5-7-3,【大島駅 ラーメン】りんすず食堂　レモンの輪切りがそのまま入ったラーメンをすする！【Lemon Ramen】SUSURU TV.第270回,2016-08-01T10:11:27Z
O60NBuRRv2s,店名が分からない,,栃木県小山市東城南5-2-4,【栃木県 ラーメン】中華蕎麦サンジ 栃木の行列店で濃厚とみ田系？つけ麺をすする【ONE PIECE Ramen】SUSURU TV.第269回,2016-07-31T09:30:00Z
PQ9n8RywVaw,店名が分からない,,神奈川県横浜市西区南幸2-12-6,【横浜駅 ラーメン】家系総本山 吉村家 ２度でも３度でも！王道はいつも旨い！【Yokohama Ramen】SUSURU TV.第267回,2016-07-29T09:30:01Z
wCpdfmqINNg,店名が分からない,,千葉県市川市湊新田2-9-10,【行徳駅 ラーメン】らー麺屋 バリバリジョニー 塩も煮干しも、ウニまで！究極のベジポタラーメン【vegetable Ramen】SUSURU TV.第265回,2016-07-27T11:48:52Z
NdeWlLfQsPY,店名が分からない,,埼玉県川口市戸塚3-36-18,【東川口駅 ラーメン】麺屋 桐龍　二郎系No.1との呼び声も!?二郎インスパイア有名ラーメン店ですする【Jiro Ramen】SUSURU TV.第264回,2016-07-26T10:00:02Z
WCqc4gJWaW8,場所が見つからない,youtuberがガチの健康診断,,【毎日ラーメン生活】毎日ラーメンをすするyoutuberがガチの健康診断　SUSURU TV第264.5回（健康診断編）,2016-07-26T10:00:01Z
1bCoLgDegLc,店名が分からない,,高田馬場駅前ロータリー,【行徳駅 ラーメン】味噌王 仲間 SNBworld　濃厚を越える濃厚味噌ラーメンをすする【Ramen Fighter】SUSURU TV.第263回,2016-07-25T10:15:25Z
yGK2ztKYKUE,店名が分からない,,東京都墨田区江東橋2-5-3,【錦糸町駅 ラーメン】真鯛らーめん麺魚　濃縮された鯛の旨みもすする【Fish Ramen】SUSURU TV.第262回,2016-07-24T09:30:01Z
rycYohLT44E,店名が分からない,,千葉県船橋市前原西2-32-10,【津田沼駅 ラーメン】魚骨ラーメン鈴木さん　サンマまぜそばで先に秋をすする【Fish Ramen】SUSURU TV.第261回,2016-07-23T09:30:00Z
L-lqVd_fzPc,店名が分からない,,東京都練馬区豊玉北5-23-11豊玉ビル,【練馬駅 ラーメン】やまの　今ブームの台湾まぜそばがすすれるラーメン居酒屋chineyestaipei Ramen】SUSURU TV.第260回,2016-07-22T09:30:00Z
Tb_1b72bvDM,店名が分からない,,神奈川県横浜市港北区日吉2-1-8,【日吉駅 ラーメン】ラーメン どん 初二郎系はここがおすすめ！二郎インスパイアラーメン良店【Jiro Ramen】SUSURU TV.第259回,2016-07-21T10:07:20Z
4gL0izHpfD0,店名が分からない,,神奈川県横浜市中区長者町2-5-4,【伊勢佐木長者町駅 ラーメン】地球の中華そば　東京ラーメンオブザイヤー受賞の塩そばをすする【Earth Ramen】SUSURU TV.第258回,2016-07-20T09:30:00Z
G2f-6dmP8ZA,店の回ではなさそう,,,【自宅でラーメン】コンビニ冷やし中華No.1決定戦!! Japanese Cool Ramen【セブン・ファミマ・ローソン】SUSURU TV.第256回,2016-07-18T09:30:00Z
JcFeReu2uaE,店名が分からない,,東京都中央区銀座4-10-3,【銀座駅 ラーメン】一風堂(Ippudo Ramen)旨いのはどっち？人気メニュー対決！【Japanese Ramen showdown】SUSURU TV.第255回,2016-07-17T09:30:01Z
p092tLsDN30,店名が分からない,,東京都北区赤羽西1-7-1,【赤羽駅 ラーメン】幸楽苑 全国チェーン60年の歴史ラーメンをすする【Japanese Famous  Ramen】SUSURU TV.第254回,2016-07-16T09:32:11Z
hP1jM0KZafc,店名が分からない,,東京都文京区湯島3-25-11,【湯島駅 ラーメン】四川担々麺 阿吽 湯島 辛さと酸味の夏限定冷やし担々麺をすする【Spicy Ramen】SUSURU TV.第253回,2016-07-15T09:32:49Z
3TGtRUHAV74,店名が分からない,,東京都立川市高松町3-14-1,【立川駅 ラーメン】 煮干しらーめん 青樹　ド煮干しド豚骨つけ麺をすする【Tsuke Ramen】SUSURU TV.第252回,2016-07-14T09:30:01Z
aOgFCuhtoaM,店名が分からない,,千葉県市原市西国分寺台1-3-16,【上総村上駅 ラーメン】ちばから 千葉一の有名店でド乳化！超濃厚二郎系をすする！【Jiro Ramen】SUSURU TV.第251回,2016-07-13T10:01:20Z
U2hS1fb9XiY,店名が分からない,,茨城県でも人気の鶏のスペシャリスト!,【茨城県 ラーメン】 特級鶏蕎麦 龍介　特級な鶏ベースラーメンをすする【Chiken Ramen】SUSURU TV.第250回,2016-07-12T10:30:38Z
Q6uHRsk1JJc,店名が分からない,,神奈川県川崎市川崎区追分町6-12,【浜川崎駅 ラーメン】つけめん 玉 油に頼らない濃厚魚介豚骨つけめん【NonOil Ramen】SUSURU TV.第249回,2016-07-11T10:01:51Z
ctZcyjNR80Q,店名が分からない,,東京都豊島区駒込1-39-5,【駒込駅 ラーメン】 ごとう　王道で王者な魚介つけ麺をすする【Tsuke Ramen】SUSURU TV.第248回,2016-07-10T09:30:00Z
-Rvjx179ZSk,店名が分からない,,東京都江東区深川2-13-10,【門前仲町駅 ラーメン】こうかいぼう ラーメン店が認める魚介豚骨ラーメンをすする【Recommend Ramen】SUSURU TV.第247回,2016-07-09T09:30:00Z
7IETXXwPINk,店名が分からない,,東京都千代田区神田須田町2-12,【岩本町駅 ラーメン】 雲林坊　本場も認める汁なし坦々麺をすする【Hot Ramen】SUSURU TV.第246回,2016-07-08T10:56:47Z
2JXMT3oN3uk,店名が分からない,,東京都板橋区常盤台3-10-3,【ときわ台駅 ラーメン】下頭橋ラーメン 濃厚背油の超チャッチャラーメンをすする【100% Ramen】SUSURU TV.第245回,2016-07-07T09:30:00Z
qLILZdAKuug,店名が分からない,,埼玉県志木市本町5-23-28,【志木駅 ラーメン】めんや 正明　鰤が本当に旨いラーメンをすする【Fish Ramen】SUSURU TV.第244回,2016-07-06T09:30:00Z
YoaTqGHtioQ,店名が分からない,,東京都西東京市田無町3-9-23,【田無駅 ラーメン】麺匠 えい蔵　居酒屋ですすれる醤油豚骨ラーメン【Pub Ramen】SUSURU TV.第243回,2016-07-05T09:30:00Z
4XDUq6Ld11s,店名が分からない,,東京都杉並区大宮1-2-3,【永福町駅 ラーメン】Bonito Soup Noodle RAIK　鰹が絶品なラーメンをすする【Seafood  Ramen】SUSURU TV.第242回,2016-07-04T09:30:00Z
OhC64OCAFag,店名が分からない,,東京都渋谷区恵比寿1-1-7,【恵比寿駅 ラーメン】AFURI 恵比寿　柚子香る！さっぱりな塩ラーメンをすする！【Citron Salt】SUSURU TV.第241回,2016-07-03T09:30:01Z
k5QvF8k89o8,店名が分からない,,東京都目黒区鷹番3-14-6,【学芸大学駅 ラーメン】麺や すする まる弐　「すする」2号店の激辛つけ麺をSUSURUがすする【Spicy Ramen】SUSURU TV.第240回,2016-07-02T09:30:00Z
40QlI-QiLLI,店名が分からない,,東京都千代田区神田和泉町2-15,【秋葉原駅 ラーメン】饗 くろ㐂×Oisix　かがやケールな健康ラーメンをすする【Healthy Ramen】SUSURU TV.第239回,2016-07-01T09:30:01Z
0EtPa2ptnvU,店名が分からない,,東京都目黒区駒場4-6-8,【駒場東大前 東北沢 ラーメン】千里眼　大人気二郎系店の冷やし中華をすする【二郎インスパイアRamen】SUSURU TV.第238回,2016-06-30T09:30:01Z
MIkip7mXG1w,店名が分からない,,東京都武蔵野市吉祥寺本町1-1-7,【吉祥寺駅 ラーメン】麺屋武蔵 虎洞　言わずと知れた武蔵系列店の大迫力つけ麺【Musashi】SUSURU TV.第237回,2016-06-29T09:45:34Z
zYbwumerI7A,店名が分からない,,東京都練馬区貫井2-3-1,【中村橋駅 ラーメン】ラーメン愉悦処 似星　鏡花から独立したハーフ店主の極煮干しラーメン【Poal Ramen】SUSURU TV.第236回,2016-06-28T09:30:00Z
i81lOwajNsA,店名が分からない,,神奈川県横浜市神奈川区六角橋1-14-7,【白楽駅 ラーメン】ラーメン 末廣家 家系総本山直系の大人気店ですする【Ramen Japan】SUSURU TV.第235回,2016-06-27T09:30:01Z
uaTIGkuSMOU,店名が分からない,,東京都世田谷区駒沢4-29-13,【駒沢大学駅 ラーメン】蓮爾　史上最多リクエストの二郎系ラーメンをすする【二郎インスパイアRamen】SUSURU TV.第234回,2016-06-26T10:00:03Z
agWY4sFYWJk,店の回ではなさそう,,,[MV] 毎日ラーメン生活/SUSURU TV.　(1000万再生突破記念MV),2016-06-26T09:55:10Z
HEuz64P5iKc,店名が分からない,,東京都中野区中野5-56-15,【中野駅 ラーメン】五丁目煮干し　ギンギンの濃厚煮干し油そばをすする【Ramen】SUSURU TV.第233回,2016-06-25T09:30:00Z
Z54CiEmaBGo,店名が分からない,,東京都杉並区下井草3-38-13,【下井草駅 ラーメン】龍平　宗田がつおの効いた辛つけ麺をすする【Hot Ramen】SUSURU TV.第232回,2016-06-24T09:30:00Z
pRzK8MUnPkU,店名が分からない,,東京都新宿区歌舞伎町1-27-3,【西武新宿駅 ラーメン】焼きあご塩らー麺  たかはし　濃厚焼きあごだしの塩ラーメンをすする【Shinjyuku】SUSURU TV.第231回,2016-06-23T09:30:01Z
G_-Ca4LeR-M,店名が分からない,,東京都武蔵野市境5-17-21,【武蔵境駅 ラーメン】珍珍亭　原点にして頂点な油そばをすする【Top Ramen】SUSURU TV.第230回,2016-06-22T09:30:00Z
g1ygUPsoCA8,店名が分からない,,神奈川県横浜市神奈川区六角橋1-17-29,【白楽駅 ラーメン】くり山  大勝軒、六厘舎で修行した店主が作る魚介つけ麺【KillBill Ramen】SUSURU TV.第229回,2016-06-21T09:30:01Z
hEZnXn2aKso,店名が分からない,,東京都豊島区南池袋1-29-1池袋ショッピングパーク,【池袋駅内 インスタントラーメン】やかん亭　インスタント麺専門店ですする【instant ramen】SUSURU TV.第228回,2016-06-20T10:28:29Z
xBIEkWBey8I,店名が分からない,,東京都新宿区市谷田町1-3,【市ヶ谷駅 ラーメン】麺や庄の　MENSHOグループ総本山で魚介豚骨つけ麺をすする【こうじょうちょー シトサリナシヨ】SUSURU TV.第227回,2016-06-19T09:30:30Z
xWKugjLoNp0,店名が分からない,,東京都新宿区西早稲田2-11-13,【西早稲田 面影橋 ラーメン】らぁ麺やまぐち　ガツン系鶏醤油ラーメンをすする【Tokyo Ramen】SUSURU TV.第226回,2016-06-18T09:30:30Z
o_31izg07iY,店名が分からない,,東京都江東区東陽4-6-3,【東陽町駅 ラーメン】らぁ麺 やまぐち辣式　超人気店やまぐちのセカンドブランド店で麻婆まぜそばをすする【Spicy Food】SUSURU TV.第225回,2016-06-17T09:30:01Z
9VfgGYahKyU,店名が分からない,,東京都千代田区神田松永町18-1,【秋葉原駅 ラーメン】ごっつ 秋葉原店　背脂激盛りラーメンをすする【Ramen Fighter】SUSURU TV.第224回,2016-06-16T09:30:01Z
_HzE9Afapco,店名が分からない,,東京都新宿区市谷田町3-2,【市ヶ谷駅 ラーメン】大塚屋  旧くるり市ヶ谷店のドロドロ辛味噌ラーメンをすする【Japanese Food】SUSURU TV.第223回,2016-06-15T09:30:00Z
uH6mX-9haLw,店名が分からない,,東京都台東区浅草1-36-7,【浅草駅 ラーメン】与ろゐ屋　浅草の醤油ラーメン発祥店ですする【Tokyo Ramen】SUSURU TV.第222回,2016-06-14T09:30:00Z
jZ-Hmx_JOh4,店名が分からない,,東京都品川区西五反田8-4-15,【五反田駅 ラーメン】ラーメンタロー 五反田の陣 ラーメン二郎直系店で修行したインスパイア大豚Wをすする【二郎系ラーメン】SUSURU TV.第221回,2016-06-13T09:30:31Z
3gO6b1HiSfY,店名が分からない,,東京都足立区千住3-60,【北千住駅 ラーメン】麺屋 音 魚介だし香る料亭の様なラーメン店ですする【Perfect OMOTENASHI】SUSURU TV.第220回,2016-06-12T09:30:30Z
bhSrhbs_NEM,店名が分からない,,東京都杉並区下井草4-32-18,【下井草駅 ラーメン】JIGENJI　野菜の甘みごと旨味醤油ラーメンをすする【Tokyo Ramen】SUSURU TV.第219回,2016-06-11T09:30:00Z
pkWe2inyBDA,店名が分からない,,東京都武蔵野市吉祥寺本町2-10-2,【吉祥寺駅 ラーメン】モンタナ 超人気カレー店のカリーつけそばをすする【Ramen Curry】SUSURU TV.第218回,2016-06-10T09:30:02Z
ZV0NWJ0gHeY,店名が分からない,,東京都葛飾区東新小岩1-1-1,【新小岩駅 ラーメン】ラーメン燈郎　牛ステーキ盛り二郎系ラーメンをすする【二郎インスパイアRamen】SUSURU TV.第217回,2016-06-09T09:30:01Z
GFVO2lefG1Y,店名が分からない,,埼玉県北足立郡伊奈町栄1-93,【蓮田駅 ラーメン】博多長浜らーめん 楓神　超こだわり豚骨の長浜ラーメンをすする【Japanese Ramen】SUSURU TV.第216回,2016-06-08T09:30:00Z
JTJgZxjvaak,店名が分からない,,埼玉県久喜市菖蒲町下栢間2032-2,【内宿駅 ラーメン】中華そば輝羅　三杯連続で絶品ラーメンをすする【Ramen Japan】SUSURU TV.第215回,2016-06-07T09:30:00Z
oSHQyhNfzMg,店名が分からない,,東京都中野区中央5-15-4,【毎日ラーメン生活】澤神　名店で修業した店主が作るレモンペッパーつけ麺をすする【Japanese Ramen】SUSURU TV.第214回,2016-06-06T09:30:01Z
UDTRx7DCGlA,店名が分からない,,東京都中野区中野5-59-14,【毎日ラーメン生活】バラそば屋　肉大量！塩豚骨バラそばをすする【YouTube nextup】SUSURU TV.第213回,2016-06-05T09:33:29Z
f7tUlXb984k,店の回ではなさそう,,,かっこいいラーメンのすすり方  How to slurp Ramen with style 【YouTube NextUp2016×SUSURU TV.】,2016-06-05T09:01:39Z
2ExTmV0cBP4,店名が分からない,,東京都新宿区西早稲田1-18-12,【毎日ラーメン生活】武蔵野アブラ学会 早稲田総本店 特濃油そばをすする【Japanese Ramen】SUSURU TV.第212回,2016-06-04T09:30:00Z
MgU3FsGVmUk,店名が分からない,,東京都新宿区大久保2-8-16,【毎日ラーメン生活】麺屋はなび 新宿店　発祥有名店の台湾まぜそばをすする【Maze Ramen】SUSURU TV.第211回,2016-06-03T10:25:07Z
C8u-23KqPGU,店名が分からない,,神奈川県川崎市多摩区登戸2662-2,【毎日ラーメン生活】雪濃湯　向ヶ丘の人気店で牛骨醤油ラーメンをすする【Japanese Ramen】SUSURU TV.第210回,2016-06-02T09:32:25Z
FGq2AtiQKGo,店名が分からない,,東京都千代田区神田佐久間町1-14,【毎日ラーメン生活】麺処MAZERU　極太二郎系まぜそばをすする【Ramen Japan】SUSURU TV.第209回,2016-06-01T09:30:01Z
L1J0L3zNNIE,店名が分からない,,東京都武蔵野市吉祥寺南町2-2-4,【毎日ラーメン生活】洞くつ家 濃厚豚骨の家系ラーメンをギャラスさんとすする【Japanese Ramen】SUSURU TV.第208回,2016-05-31T09:30:01Z
dXWlKwxCYjg,店名が分からない,,東京都杉並区上荻1-19-11,【毎日ラーメン生活】太陽のトマト麺　女性にも大人気のトマトラーメンをすする【Tomato Ramen】SUSURU TV.第207回,2016-05-30T09:35:59Z
DE6mhjQPvhY,店名が分からない,,東京都千代田区外神田3-4-1,【毎日ラーメン生活】らーめん 影武者 二郎系初心者にもおすすめのラーメンをすする【Japanese Ramen】SUSURU TV.第206回,2016-05-29T09:30:01Z
KLW9Oc-nHd4,店名が分からない,,東京都新宿区新宿3-35-7,【毎日ラーメン生活】麺屋 海神 新宿の人気店であら炊き塩ラーメンをすする【Japanese Ramen】SUSURU TV.第205回,2016-05-28T09:30:01Z
k8vGRytOZNM,店名が分からない,,東京都町田市原町田4-1-5,【毎日ラーメン生活】辛麺 真空　唯一無二の辛うまぜそばをすする【Tokyo Ramen】SUSURU TV.第204回,2016-05-27T10:45:00Z
jBnAQTix0Jo,店名が分からない,,東京都新宿区歌舞伎町2-37-2,【毎日ラーメン生活】ローストビーフ油そば ビースト　ローストビーフと油そば 魅惑のタッグ【Japanese Ramen】SUSURU TV.第203回,2016-05-26T09:30:00Z
niZpxStM52E,店名が分からない,,東京都葛飾区東新小岩1-4-17,【毎日ラーメン生活】麺屋一燈　100人並ぶ！最強つけ麺をすする【Tokyo Ramen】SUSURU TV.第202回,2016-05-25T09:30:00Z
WyOqi__5Ly8,店名が分からない,,東京都北区東十条1-22-6,【毎日ラーメン生活】麺処ほん田 TVでも話題の有名ラーメン店ですする【RAMEN JAPAN】SUSURU TV.第201回,2016-05-24T09:07:59Z
dDIIhJTKj80,店名が分からない,,神奈川県横浜市中区新港2-3-4,【毎日ラーメン生活】カップヌードルミュージアム　自作のカップヌードルをすする【Cup Noodles】SUSURU TV.第200回,2016-05-23T10:12:36Z
YFzD_TYtKbE,店名が分からない,,神奈川県横浜市西区南幸2-12-6,【毎日ラーメン生活】吉村家　家系ラーメンの総本山ですする【Japanese Ramen】SUSURU TV.第199回,2016-05-22T09:30:01Z
UiW_1VrBUuc,店名が分からない,,東京都杉並区堀の内1-3-13,【毎日ラーメン生活】家系ラーメン 桂家　深夜にワイルドな家系ラーメンをすする【Iekei Ramen】SUSURU TV.第198回,2016-05-21T09:30:01Z
ksnerUv4PIo,店名が分からない,,東京都府中市寿町1-2-3,【毎日ラーメン生活】麺創研かなで 紅　超がっつり系辛みそラーメンをすする【Hot Ramen】SUSURU TV.第197回,2016-05-20T09:52:20Z
qRkFBsiDTaI,店名が分からない,,埼玉県和光市本町21-26,【毎日ラーメン生活】デカ盛り戦隊 豚レンジャー　極豚な二郎系ラーメンをすする【Ramen Jiro】SUSURU TV.第196回,2016-05-19T09:36:29Z
fsgCj4EGGPU,店名が分からない,,埼玉県川越市脇田町5-5,【毎日ラーメン生活】メガガンジャ　あの名店の二郎インスパイアをすする【Ramen Jiro】SUSURU TV.第195回,2016-05-18T09:30:00Z
J7DI3K74Xbo,店名が分からない,,東京都武蔵野市吉祥寺北町3-4-3,【毎日ラーメン生活】成蹊前ラーメン ラーメン二郎の跡地に出来た伝説の二郎系をすする【Jiro Ramen】SUSURU TV.第194回,2016-05-17T09:30:01Z
R_oCd2iFrZk,店名が分からない,,東京都中野区中野5-56-11,【毎日ラーメン生活】Kaeru　元祖癒し系二郎インスパイアをすする【Ramen Jiro】SUSURU TV.第193回,2016-05-16T09:30:00Z
D4fKGJwzdSE,店名が分からない,,東京都墨田区業平5-14-7,【毎日ラーメン生活】竹末東京プレミアム　高級感満載の魅せる醤油そばをすする【Ramen Japan】SUSURU TV.第192回,2016-05-15T09:30:01Z
LN96CiXTUCI,店名が分からない,,東京都世田谷区梅丘1-21-7,【毎日ラーメン生活】和  絶品！塩油そばをすする【Abura Ramen】SUSURU TV.第191回,2016-05-14T09:30:00Z
9I1LoaJIiOk,店名が分からない,,東京都豊島区南大塚2-34-4,【毎日ラーメン生活】 鳴龍 ミシュランガイド 2016ビブグルマン掲載店ですする【Dandan Noodles】SUSURU TV.第190回,2016-05-13T10:11:28Z
_VoIliI2nvA,店名が分からない,,埼玉県でもとても評価の高い,【毎日ラーメン生活】豚ラーメン 大迫力の二郎インスパイア！【Ramen Jiro】SUSURU TV.第189回,2016-05-12T09:30:00Z
I6duPv8qdD0,店名が分からない,,東京都品川区西五反田1-24-4,【毎日ラーメン生活】銀座 いし井 五反田店  SUSURU　TV.初登場の激旨カレーつけ麺をすする【Curry Ramen】SUSURU TV.第188回,2016-05-11T09:30:00Z
olauBrO-w0o,店の回ではなさそう,,,【毎日ラーメン生活】めん屋 桔梗 新宿店　24H営業！ラーメン居酒屋で〆つけ麺をすする【Tsuke Ramen】SUSURU TV.第187回,2016-05-10T10:36:28Z
QDVj4UcGJEQ,店名が分からない,,埼玉県を攻めておりましたが,【毎日ラーメン生活】びんびん豚  埼玉県で噂のマイルド系二郎インスパイアをすする【Ramen jiro】SUSURU TV.第186回,2016-05-09T09:48:36Z
1G_v8bEs2U4,店名が分からない,,埼玉県川越市今福1738-14,【毎日ラーメン生活】寿製麺 よしかわ  こだわり抜いて埼玉の人々に愛される極上の煮干し白醤油そば【Anchovy Ramen】SUSURU TV.第185回,2016-05-08T09:30:01Z
I8VhfyQthqU,店名が分からない,,埼玉県北葛飾郡杉戸町大字才羽823-2,【毎日ラーメン生活】煮干乱舞　秀逸なるギンギン煮干中華そばをすする【Niboshi Ramen】SUSURU TV.第184回,2016-05-07T09:30:01Z
lvf858-tlvE,店の回ではなさそう,,,【毎日ラーメン生活】元祖めんたい煮こみつけ麺　博多発！日本初つけ麺をすする【Tsuke Ramen】SUSURU TV第183回,2016-05-06T09:42:36Z
ALKrZ67jb_c,店の回ではなさそう,,,【毎日ラーメン生活】カップ麺NO.1決定戦！決勝！SUSURUが選ぶカップ麺1位が遂に…!?【Cup Noodles】SUSURU TV.第182回,2016-05-05T10:49:23Z
F_YGQzEsy2I,店の回ではなさそう,,,【毎日ラーメン生活】今宵もSUSURUが選ぶ！カップ麺NO.1決定戦！予選Ｂブロック【Cup Noodles】SUSURU TV.第181回,2016-05-04T09:30:01Z
MloHZywvaes,店の回ではなさそう,,,【毎日ラーメン生活】SUSURUが決める！カップ麺NO.1決定戦！予選Aブロック【Cup Noodles】SUSURU TV.第180回,2016-05-03T09:30:00Z
k96NW4XZMWI,店名が分からない,,東京都北区上中里3-18-1,【毎日ラーメン生活】ラーメン富士丸 梶原店 日本で最高の二郎インスパイアをすする【二郎インスパイア】SUSURU TV.第179回,2016-05-02T09:41:16Z
LcjpS6gmhdU,店名が分からない,,東京都中野区中野5-58-1,【毎日ラーメン生活】青葉 中野本店　洗練された完成系つけ麺をすする【Tsuke Ramen】SUSURU TV第178回,2016-05-01T09:30:00Z
9CfEsyu-F6s,店名が分からない,,東京都新宿区高田馬場2-14-9,【毎日ラーメン生活】鶏そば 三歩一 激戦区高田馬場で一番旨い鶏そばはこの店！【Chicken Ramen】SUSURU TV.第177回,2016-04-30T09:30:00Z
IZmp-ykSCAE,店名が分からない,,東京都練馬区練馬1-6-18,【毎日ラーメン生活】濃菜麺　井の庄　辛いラーメンにはまったきっかけの超辛旨ラーメンの店舗でもう一度すする 【Hot  Ramen】SUSURU TV.第176回,2016-04-29T09:30:00Z
1VdA8-8SiBk,店名が分からない,,東京都杉並区高円寺南3-35-15,【毎日ラーメン生活】天王 高円寺で愛されまくるお店のつけ麺をすする【Ramen Japan】SUSURU TV第175回,2016-04-28T09:30:00Z
AV_C0FiEgDo,店名が分からない,,東京都台東区下谷1-11-7,【毎日ラーメン生活】麺処 晴 東京最高ランクの超有名店の煮干しそばをすする【Dried sardine Ramen】SUSURU TV.第174回,2016-04-27T09:30:01Z
sWGwi1rDrJs,店名が分からない,,東京都新宿区西早稲田3-27-25,【毎日ラーメン生活】鶏そば なんきち 東京店　トリプルコラボで超濃厚鶏白濁そばをすする【コラボ】SUSURU TV.第173回,2016-04-26T10:00:01Z
sLvE6XYcaH4,店名が分からない,,東京都町田市中町1丁目20−23,"【毎日ラーメン生活】大つけ麺博 最強ラーメンFes,   偶然出会ってコラボですする【はいじぃ 竹永】SUSURU TV.第172回",2016-04-25T10:00:02Z
cdxnRWm3mO8,店名が分からない,,東京都立川市錦町1-2-16,【毎日ラーメン生活】立川マシマシ　激盛り二郎系ラーメンすする【二郎インスパイアRamen】SUSURU TV第171回,2016-04-24T09:30:00Z
TqMyRoHrbWs,店名が分からない,,東京都新宿区西新宿1-4-10,【毎日ラーメン生活】満来　爆盛りチャーシューのラーメンざるをすする【Ramen Japan】SUSURU TV第170回,2016-04-23T09:30:00Z
l-hJAE43ziQ,店名が分からない,,神奈川県川崎市中原区上新城2-11-26,【毎日ラーメン生活】元祖ニュータンタンメン本舗 新城店 川崎市のソウルフード！痩せる激辛タンタンメンをすする【Spicy Ramen】SUSURU TV.第169回,2016-04-22T09:30:00Z
x9vhwBSVDCk,店名が分からない,,東京都町田市中町1丁目20−23,"【毎日ラーメン生活】 大つけ麺博 Presents最強ラーメンFes,  町田で行われたラーメンFes,の第三陣で全国の有名店をすする【Ramen Fes】SUSURU TV.第168回",2016-04-21T09:30:01Z
M1VvUZSZN3U,店名が分からない,,埼玉県草加市栄町2-9-12,【毎日ラーメン生活】鷹の眼　二郎インスパイアラーメンを新店ですする【Jiro Ramen】SUSURU TV第167回,2016-04-20T09:37:36Z
8pnNYjUF0c8,店名が分からない,,埼玉県草加市旭町4-10-13,【毎日ラーメン生活】８８２３製麺　とても優しい濃厚野菜味噌タンメンをすする【Miso Ramen】SUSURU TV.第166回,2016-04-19T12:37:30Z
rCoHpJlkgR0,店名が分からない,,東京都品川区上大崎2-27-1,【毎日ラーメン生活】麺屋 藤しろ　超本格派!!濃厚鶏白湯ラーメンをすする【Paitan Ramen】SUSURU TV第165回,2016-04-18T09:30:00Z
8t4Pri516G8,店名が分からない,,神奈川県藤沢市藤沢576-4,【毎日ラーメン生活】YuToRi　ギンギン醤油とじんわり豚骨家系ラーメンをすする【Iekei Ramen】SUSURU TV第164回,2016-04-17T09:30:00Z
8Q_RIwmNTgk,店名が分からない,,埼玉県春日部市南5-1-56,【毎日ラーメン生活】ジャンプ　超濃厚二郎インスパイアのまぜそばをすする【二郎系ラーメン】SUSURU TV.第163回,2016-04-16T09:30:01Z
0PACVzfYC-I,店名が分からない,,神奈川県平塚市紅谷町11-10,【毎日ラーメン生活】天竜坦坦麺店　地獄の辛旨坦坦麺をすする【Hot Ramen】SUSURU TV第162回,2016-04-15T09:30:00Z
jjyZptyD24k,店名が分からない,,埼玉県草加市栄町3-3-21,【毎日ラーメン生活】NOODLE STOCK 鶴おか　まるでポタージュ!?超濃厚つけソバをすする【chicken paitan ramen】SUSURU TV.第161回,2016-04-14T09:30:01Z
0JrSuz6MG7k,店名が分からない,,東京都杉並区西荻南3-12-1,【毎日ラーメン生活】パパパパパイン　前代未聞のパイナップルラーメンをすする【Pineapple Ramen】SUSURU TV第160回,2016-04-13T09:30:01Z
cvNG3fFwJRw,店名が分からない,,千葉県柏市旭町1-7-11,【毎日ラーメン生活】こってりらーめん誉　柏でSUSURU TV.史上一番旨いチャッチャ系醤油ラーメンをすする【Shoyu Ramen】SUSURU TV.第159回,2016-04-12T09:30:00Z
YEjYAoEtwLc,店名が分からない,,東京都千代田区飯田橋4-8-14,【毎日ラーメン生活】めん徳 二代目 つじ田 飯田橋店　こだわりの名店でこだわりのつけ麺をすする【Tsuke Ramen】SUSURU TV.第158回,2016-04-11T09:30:00Z
xZduCU-Yykw,店名が分からない,,福岡県福岡市博多区博多駅東3-1-6,【毎日ラーメン生活】博多一双　強くて優しい濃厚博多ラーメンをすする【Tonkotsu Ramen】SUSURU TV第157回,2016-04-10T09:30:00Z
a5b9G2ktCMQ,店名が分からない,,福岡県福岡市博多区中洲3-6-23,【毎日ラーメン生活】ラーメン海鳴　世にも珍しいジェノヴェーゼラーメンをすする【Italy Ramen】SUSURU TV第156回,2016-04-09T09:30:01Z
l1y3gNOMEB8,店名が分からない,,福岡県福岡市中央区長浜2-5-38,【毎日ラーメン生活】元祖長浜屋　初の福岡上陸で本場の老舗長浜ラーメンをすする【Nagahama Ramen】SUSURU TV.第155回,2016-04-08T09:30:01Z
dwkt-tTMCHY,店名が分からない,,東京都中央区日本橋久松町2-8,【毎日ラーメン生活】大申　SUSURU TV.史上で最も辛い！デカキンさんとコラボで汁無し坦々麺をすする【デカキン】SUSURU TV.第154回,2016-04-07T09:58:50Z
7FWiI8TtuXE,店名が分からない,,東京都練馬区石神井台7-23-10,【毎日ラーメン生活】来来亭　大人気チェーン店の背脂ラーメンをすする【Ramen Japan】SUSURU TV第153回,2016-04-06T09:30:00Z
41E2mY2YZR0,店名が分からない,,東京都世田谷区北沢2-30-11,【毎日ラーメン生活】一龍　懐かしくて新しいネオレトロ中華そばをすする【Ramen Japan】SUSURU TV第152回,2016-04-05T10:05:41Z
qKcQw3vTAow,店名が分からない,,東京都千代田区神田神保町2-2-12,【毎日ラーメン生活】　覆麺 智　毎日メニューが変わる、破天荒中華そばをすする【Fukumen Ramen】SUSURU TV.第151回,2016-04-04T09:30:00Z
kMXzRdFUVl4,店名が分からない,,東京都立川市西砂町1-3-15,【毎日ラーメン生活】 UMA TSUKEMEN こんなつけ麺初めて見た！をすする【UMA Ramen】SUSURU TV.第150回,2016-04-03T09:30:00Z
Oxfl5gxnncI,店名が分からない,,東京都町田市中町1丁目20−23,"【毎日ラーメン生活】 大つけ麺博 最強ラーメンFes, 　はいじぃさんと竹永さんとコラボで１０店舗をすする【大食いチャレンジ】SUSURU TV.第149回",2016-04-02T10:00:01Z
-q_W1nzNL0k,店名が分からない,,神奈川県厚木市幸町9-6,【毎日ラーメン生活】　麺や食堂　厚木エリアナンバー１のお店で特製中華そばをすする【Chuka soba】SUSURU TV.第148回,2016-04-01T09:30:01Z
7ROuLIVbbGU,店名が分からない,,京都府京都市左京区一乗寺西杉ノ宮町48-1,【毎日ラーメン生活】ラーメン荘 夢を語れ　京都で関西を代表する二郎インスパイヤをすする【二郎系ラーメン】SUSURU TV.第147回,2016-03-31T10:34:02Z
FMWWDZPC7JE,店名が分からない,,京都府京都市左京区一乗寺白川通北大路下ル西側,【毎日ラーメン生活】天下一品 総本店　京都で天一の聖地総本店のこってりラーメンをすする【Tenkaippin Ramen】SUSURU TV.第146回,2016-03-30T09:30:01Z
h69WA0uYMzg,店名が分からない,,東京都中野区鷺宮4-2-15,【毎日ラーメン生活】秋龍　優しい旨みたっぷり背脂ラーメンをすする【Ramen Japan】SUSURU TV第145回,2016-03-29T09:00:01Z
CUrwk_7It0A,店名が分からない,,東京都渋谷区千駄ヶ谷5-15-8,【毎日ラーメン生活】　御天 千駄ヶ谷店　豚骨とニンニクがっつりの長浜ラーメンをすする【Hakata Ramen】SUSURU TV.第144回,2016-03-28T09:21:52Z
DsoZ-Y-eFvk,店名が分からない,,千葉県柏市旭町2-1-6,【毎日ラーメン生活】王道家　王道と呼ばれる家系ラーメンをすする【Iekei Ramen】SUSURU TV第143回,2016-03-27T09:30:00Z
Ejp8cG_Mjsc,店名が分からない,,千葉県柏市柏4-9-11,【毎日ラーメン生活】　匠神 角ふじ 柏店　千葉県の二郎インスパイア最強と言われるお店ですする【Ramen jiro】SUSURU TV.第142回,2016-03-26T09:00:01Z
hnI8Kck0htA,店名が分からない,,東京都台東区上野4-5-9,【毎日ラーメン生活】戸みら伊本舗　唐辛子と魚介豚骨の友情タッグつけ麺をすする【Ramen Japan】SUSURU TV第141回,2016-03-25T09:30:00Z
Dg_Q_4NOIoo,店名が分からない,,東京都新宿区西新宿7-10-14,【毎日ラーメン生活】春日亭 西新宿店　油そば火付け役と言われる専門店で油そばをススル【Oil side Ramen】SUSURU TV.第140回,2016-03-24T11:32:54Z
B99I1xoXk2Q,店名が分からない,,東京都豊島区西池袋1-34-3,【毎日ラーメン生活】 麺や 寵児　池袋でモチモチ麺の油そばをすする【Abura Soba】SUSURU TV.第139回,2016-03-23T10:11:12Z
6tzIMaBkOQ4,店名が分からない,,埼玉県川越市新富町1-1-8,【毎日ラーメン生活】頑者　銘店のキレッキレ魚介つけ麺をすする【Ramen Japan】SUSURU TV第138回,2016-03-22T09:00:00Z
Vn48JpBBwtg,店名が分からない,,埼玉県北足立郡伊奈町栄3-143-3,【毎日ラーメン生活】 麺処いぐさ 漲るパワー、わいわいエナジーラーメンをすする【SAITAMA NO Ramen】SUSURU TV.第137回,2016-03-21T09:30:01Z
oBT0c0Sp8vo,店名が分からない,,埼玉県久喜市栗原3-2-1,【毎日ラーメン生活】 蒙麺 火の豚　ラーメン二郎と蒙古タンメン中本が融合したラーメンをすする【Hot Ramen】SUSURU TV.第134回,2016-03-18T09:00:01Z
zaCbz1NEz2M,店名が分からない,,千葉県松戸市松戸新田573,【毎日ラーメン生活】麺屋 弥栄　すっきり煮干しそばをコラボですする【わっきー】SUSURU TV第133回,2016-03-17T09:00:01Z
p03N6HHDBZ4,店の回ではなさそう,,,【毎日ラーメン生活】 ラーメン二郎 新橋店 念願の二郎をミニ四駆youtuberタザワさんとコラボですする【ラーメン 二郎 コラボ】SUSURU TV.第132回,2016-03-16T09:00:00Z
aBkLPOoR5OE,店名が分からない,,東京都新宿区西新宿7-22-34,【毎日ラーメン生活】麺屋翔　鶏と塩の旨さに襲われる！香彩鶏だし特製塩ラーメンをすする【Shio　Ramen】SUSURU TV.第131回,2016-03-15T10:12:52Z
2bdDyTjaFgQ,店名が分からない,,東京都練馬区下石神井4-19-8,【毎日ラーメン生活】幸来　深夜にガッツリ系油そばをすする【Abura Soba】SUSURU TV第130回,2016-03-14T09:38:07Z
tRpACvQE2Ys,店名が分からない,,東京都練馬区東大泉3-16-8,【毎日ラーメン生活】伝堂 濃厚でツルツルでシリーズ最終回なラーメンをすする【Awesome Ramen】SUSURU TV第129回,2016-03-13T09:56:36Z
HFl7tr21feY,店名が分からない,,東京都町田市森野1-34-13,【毎日ラーメン生活】町田商店 王道家系ラーメンはやっぱり旨いをすする【Iekei Ramen】SUSURU TV第128回,2016-03-12T09:30:01Z
w0yMJZEArog,店名が分からない,,東京都昭島市玉川町3-17-17,【毎日ラーメン生活】 めだかタンタン　汁無し坦々麺をコンマニセンチ竹永さんとコラボですする【YouTuber　コラボ】SUSURU TV.第127回,2016-03-11T10:00:02Z
0Y_v3xA1l-o,店名が分からない,,東京都文京区湯島2-1-2,【毎日ラーメン生活】大至 普通の最高峰を目指すラーメンをすする【ultimate Ramen】SUSURU TV第126回,2016-03-10T09:00:00Z
Y3y98m5G3XU,店名が分からない,,埼玉県新座市野火止4-10-5,【毎日ラーメン生活】ぜんやの超本格袋麺を家ですする【Shio Ramen】SUSURU TV第125回,2016-03-09T09:32:02Z
ftblc0PydB8,店名が分からない,,東京都新宿区四谷4-25-13,【毎日ラーメン生活】 SUSURU TV.オフ会　オフ会でわいわい騒ぎながらラーメンをすする【 オフ会　ラーメン】SUSURU TV.第124回,2016-03-08T11:28:18Z
a0kfiA59I_I,店名が分からない,,東京都中野区中野2-28-8,【毎日ラーメン生活】 さいころ　チャーシューいっぱいの肉煮干し中華そばをすする【Tokyo Ramen】SUSURU TV.第123回,2016-03-07T10:14:06Z
-D0aHB_WkU4,店名が分からない,,埼玉県新座市東北2-12-7,【毎日ラーメン生活】麺家うえだ　炎で焦がした特濃ラーメンをすする【Fire Ramen】SUSURU TV第122回,2016-03-06T09:30:00Z
1_HY2et2y80,店名が分からない,,東京都北区志茂1-10-1,【毎日ラーメン生活】自家製麺ほうきぼし　視聴者様訪問！絶品汁なし坦々麺をすする【Hot Ramen】SUSURU TV第121回,2016-03-05T10:03:59Z
sJ9nSr7Rza0,店名が分からない,,東京都渋谷区幡ヶ谷2-47-12,【毎日ラーメン生活】ねじ式　オフ会でラーメンを2杯もすする【竹永】SUSURU TV第120回,2016-03-04T10:00:02Z
HWumQ4zxfJI,店名が分からない,,東京都北区赤羽1-2-4,【毎日ラーメン生活】自家製麺伊藤　煮干しの大群！？超こだわり中華そばをすする【Ramen Girl】SUSURU TV第119回,2016-03-03T09:16:48Z
0xVm1dThAGI,店名が分からない,,東京都渋谷区渋谷3-15-2,【毎日ラーメン生活】横浜家系 侍 渋谷店。渋谷ナンバー１!?のとにかくご飯がすすむ家系ラーメンをすする【Iekei Raman 】SUSURU TV第118回,2016-03-02T09:28:02Z
I9GyhCYvhrg,店名が分からない,,東京都中野区中野3-34-32,【毎日ラーメン生活】二代目武道家　 超武闘派濃厚豚骨の家系をすする【Iekei Ramen】SUSURU TV第117回,2016-03-01T09:39:14Z
BVGfOL5mzGs,店名が分からない,,東京都北区上中里3-18-1,【毎日ラーメン生活】ラーメン富士丸 梶原店。本店を超える!?スーパー脂の二郎インスパイアをすする【二郎インスパイア】SUSURU TV第116回,2016-02-29T12:19:59Z
rjm8ZIDNHM4,店名が分からない,,東京都豊島区東池袋1-2-4,【毎日ラーメン生活】麺屋武蔵 二天 天ぷら載せ濃厚つけ麺をすする【Ramen Tempura】SUSURU TV第115回,2016-02-28T10:32:31Z
5WkNn4fGpN0,店名が分からない,,千葉県市川市市川1-8-13,【毎日ラーメン生活】麺屋亥龍　 最強バランスの背脂醤油ラーメンをすする【Shoyu Ramen】SUSURU TV第114回,2016-02-27T09:00:00Z
XPi6OILKv50,店名が分からない,,東京都世田谷区砧8-5-18,【毎日ラーメン生活】JTAN　 これから流行る！ニューオープンの黒坦々麺をすする【New Wave Ramen】SUSURU TV第113回,2016-02-26T09:00:01Z
N5Y4LTcrXiM,店名が分からない,,東京都荒川区,【毎日ラーメン生活】トイ・ボックス で世界が認める!?醤油ラーメンをすする【Bib Gourmand　Ramen】SUSURU TV第112回,2016-02-25T09:14:01Z
1v0-16nI5x8,店名が分からない,,東京都新宿区四谷4-25-13,【応募締め切りました】毎日ラーメンyoutuberの初オフ会告知　SUSURU TV第111.5回（オフ会告知編）【感謝です】,2016-02-24T12:20:20Z
ZP7huuLNTCM,店名が分からない,,神奈川県横浜市南区庚台22,【毎日ラーメン生活】麺家一族　 麺も米も止まらない！激うま家系をすする【Iekei Ramen】SUSURU TV第111回,2016-02-24T12:20:17Z
4zpbseM_Qic,店名が分からない,,東京都中野区野方6-23-12,【毎日ラーメン生活】味噌麺処 花道　 究極のキレッキレ味噌ラーメンをすする【Miso Ramen】SUSURU TV第110回,2016-02-23T09:35:52Z
PIgmMwR3Tcc,店名が分からない,,東京都世田谷区北沢2-14-10,【毎日ラーメン生活】一蘭 で大人気とんこつををすする【Tonkotsu Ramen】SUSURU TV第109回,2016-02-22T10:43:06Z
w5v3Juemb-Y,店名が分からない,,東京都足立区綾瀬2-1-4,【毎日ラーメン生活】二代目狼煙　 濃厚なのにスッキリ鶏魚介つけ麺をすする【Ramen】SUSURU TV第108回,2016-02-21T09:00:02Z
oZGKGciw6XE,店名が分からない,,千葉県で人気の背脂チャッチャ系ラーメンです,【毎日ラーメン生活】てらっちょ 背脂バンザイ！チャッチャ系ラーメンをすする【Chatcha Ramen】SUSURU TV第107回,2016-02-20T09:00:01Z
q_u036lB0n0,店名が分からない,,東京都足立区足立4-37-9,【毎日ラーメン生活】辛つけ麺専門 カラツケグレ　辛旨で大人気の大辛つけ麺をすする【Hot Ramen Day】SUSURU TV第106回,2016-02-19T09:00:02Z
b2pVTu891H0,店名が分からない,,東京都渋谷区幡ヶ谷2-47-12,【毎日ラーメン生活】金色不如帰　 全てが完ぺき！？最強中華そばをすする【Perfect Ramen】SUSURU TV第105回,2016-02-18T09:00:01Z
x-Iz9zFFKVE,店名が分からない,,東京都豊島区池袋2-60-7,【毎日ラーメン生活】麺屋 Hulu-lu　池袋ナンバー１!? の塩SOBAをすする【Ramen】SUSURU TV第104回,2016-02-17T09:00:01Z
Cktqe2bc02I,店名が分からない,,埼玉県さいたま市大宮区仲町2-56,【毎日ラーメン生活】メロディ 久留米とんこつラーメンをすする【大宮】SUSURU TV第103回,2016-02-16T09:00:00Z
qKNoSLUqXTg,店名が分からない,,東京都豊島区西池袋2-9-7,【毎日ラーメン生活】BASSO ドリルマン　大人気中華そばをすする【Ramen】SUSURU TV第102回,2016-02-15T09:00:02Z
gETVsq7gd6s,店名が分からない,,東京都目黒区駒場4-6-8,【毎日ラーメン生活】千里眼 バレンタインに二郎系ラーメンをすする【二郎インスパイア】SUSURU TV第101回,2016-02-14T09:00:01Z
oZBu_ig4fQ4,店名が分からない,,東京都目黒区目黒3-7-2,【毎日ラーメン生活】ラーメン二郎目黒店 家で二郎ラーメンをすする【鍋二郎】SUSURU TV第100回,2016-02-13T10:07:35Z
U0CI0-h5Nkc,店名が分からない,,東京都町田市中町1-1-3,【毎日ラーメン生活】蒙古タンメン中本 激辛ラーメンをコラボですする【はいじぃ・竹永】SUSURU TV第99回,2016-02-12T10:00:00Z
io86RNiwytY,店の回ではなさそう,,,【毎日ラーメン生活】鳥よし 居酒屋で締めのラーメンをすする【フィル】SUSURU TV第98回,2016-02-11T09:00:00Z
3kxMFQbYs0M,店名が分からない,,東京都葛飾区宝町2-19-16食べログURL,【毎日ラーメン生活】亜呂摩 珍味!?珈琲ラーメンをすする【Japanese Ramen】SUSURU TV第97回,2016-02-10T09:14:48Z
QmK8YNxuAMo,店の回ではなさそう,,,【毎日ラーメン生活】兎に角 魚介系油そばをすする【鰹節】SUSURU TV第96回,2016-02-09T09:00:00Z
rz7Gg4iv4po,店の回ではなさそう,,,【毎日ラーメン生活】きじとら 新感覚二郎系ラーメンをすする【塩】SUSURU TV第95回,2016-02-08T09:00:00Z
ezNkq7pMMjE,店名が分からない,,東京都新宿区喜久井町67,【毎日ラーメン生活】違う家 お笑い芸人さんが営む家系ラーメンをすする【ものいい】SUSURU TV第94回,2016-02-07T12:04:26Z
sijzZZXqMc4,店名が分からない,,東京都渋谷区渋谷2-4-6,【毎日ラーメン生活】たけいち 濃厚醤油鶏そばをすする【渋谷】SUSURU TV第93回,2016-02-06T09:00:01Z
3oJfcchfKcM,店の回ではなさそう,,,【毎日ラーメン生活】実乃和 カレーラーメンの原点をすする【六本木】SUSURU TV第92回,2016-02-05T09:00:00Z
zWoTqwWQ7kM,店の回ではなさそう,,,【毎日ラーメン生活】無鉄砲つけ麺無極 濃厚豚骨つけ麺をすする【Ramen】SUSURU TV第91回,2016-02-04T09:16:58Z
VihmmXus7UY,店の回ではなさそう,,,【毎日ラーメン生活】ちばき屋 あっさり中華そばをすする【煮玉子発祥】SUSURU TV第90回,2016-02-03T09:00:00Z
uVy_12ne_TQ,店名が分からない,,千葉県市川市八幡2-16-20,【毎日ラーメン生活】なりたけ 芸術的ド背脂ラーメンをすする【チャッチャ系Ramen】SUSURU TV第89回,2016-02-02T11:43:35Z
kSXA68OBOkM,店名が分からない,,東京都町田市原町田4-11-14,【毎日ラーメン生活】ぎょうてん屋 二郎系ラーメンをすする【町田】SUSURU TV第88回,2016-02-01T09:34:11Z
U-jRKYHfF5Y,店名が分からない,,東京都新宿区住吉町7-10,【毎日ラーメン生活】GACHI  ガチで美味しい油そばをすする【油Ramen】SUSURU TV第87回,2016-01-31T10:58:35Z
w3DUeRlMRas,店の回ではなさそう,,,【毎日ラーメン生活】とみ田 で原点回帰のつけそばをすする【名店つけそば】SUSURU TV第86回,2016-01-30T09:00:02Z
Cg-5Bh6Y8Nk,店の回ではなさそう,,,【毎日ラーメン生活】中国家庭料理 楊 本格汁なし坦々麺をすする【餃子】SUSURU TV第85回,2016-01-29T09:00:00Z
MqHyWWHUfic,店の回ではなさそう,,,【毎日ラーメン生活】金町製麺  ラーメンオフ会ですする【ラーメン居酒屋】SUSURU TV第84回,2016-01-28T10:39:34Z
QUNFHROmyfY,店の回ではなさそう,,,【毎日ラーメン生活】ねじ式　おすすめのまぜそばをすする【コラボ】SUSURU TV第83回,2016-01-27T09:52:49Z
OYSynjajGwI,店の回ではなさそう,,,【毎日ラーメン生活】五ノ神製作所 人気のエビトマトつけ麺をすする【つけ麺】SUSURU TV第82回,2016-01-26T08:59:25Z
ZAPWd7Wjtck,店の回ではなさそう,,,【毎日ラーメン生活】平太周 ギットギト油そばをすする【Japanese Ramen】SUSURU TV第81回,2016-01-25T09:55:23Z
VdzEo0CFkyw,店名が分からない,,東京都杉並区荻窪5-29-6,【毎日ラーメン生活】旅人の木 隠れ家的エスニック油そばをすする【油そばRamen】SUSURU TV第80回,2016-01-24T09:01:13Z
z7qWv1eXOLs,店名が分からない,,東京都杉並区高円寺北3-22-12,【毎日ラーメン生活】太陽 高円寺の街を体現した地元煮干しラーメン【高円寺Ramen最終回】SUSURU TV第79回,2016-01-23T09:45:05Z
OBkQ-pC6Ank,店の回ではなさそう,,,【毎日ラーメン生活】ビアビア 新感覚トマトラーメンをすする【高円寺ラーメン】SUSURU TV第77回,2016-01-21T09:38:03Z
Nf-h7USUcec,店名が分からない,,東京都杉並区高円寺南2丁目16番13号,【毎日ラーメン生活】タロー軒 早朝立ち食いラーメン屋で温かくすする【高円寺24ラーメン】SUSURU TV第76回,2016-01-20T09:00:00Z
IQfizkGIV9k,店名が分からない,,東京都杉並区高円寺南4-23-1,【毎日ラーメン生活】一蔵 雪で寒い日は味噌ラーメンをすする【高円寺味噌】SUSURU TV第75回,2016-01-19T09:55:22Z
q5P2LnJv4_I,店の回ではなさそう,,,【毎日ラーメン生活】中華そばJAC 濃厚徳島ラーメンをすする【初コラボ】SUSURU TV第74回,2016-01-18T09:00:00Z
eik-jknbEp4,店名が分からない,,東京都杉並区高円寺南4-4-12,【毎日ラーメン生活】素和可 史上最もあっさりラーメンをすする【高円寺あっさりRamen】SUSURU TV第73回,2016-01-17T10:18:51Z
ua8lSqMaXOo,店名が分からない,,東京都杉並区高円寺南2-21-7,【毎日ラーメン生活】じゃぐら 濃厚ドロドロ豚骨味噌をすする【高円寺Ramen】SUSURU TV第72回,2016-01-16T09:00:00Z
2RHfXp5JNZ0,店名が分からない,,東京都杉並区高円寺南4-7-13,【毎日ラーメン生活】じもん 辛いけど皆大好きのラーメンをすする 【高円寺辛いラーメン】SUSURU TV第71回,2016-01-15T10:34:43Z
IDus-hRn0ao,店名が分からない,,東京都杉並区高円寺南3-35-15,【毎日ラーメン生活】天王 これぞ、ここでしかすすれないラーメンをすする【高円寺老舗ラーメン】SUSURU TV第70回,2016-01-14T09:00:00Z
Wy8yZw5qNrQ,店名が分からない,,東京都杉並区高円寺北3-2-17,【毎日ラーメン生活】田ぶし（Ramen TABUSHI) 高円寺でドストレートな魚介豚骨をすする【高円寺Ramen】SUSURU TV第69回,2016-01-13T09:00:00Z
d7i3E6dkPHk,店名が分からない,,東京都杉並区高円寺南4-7-1,【毎日ラーメン生活】天下一品 高円寺店で本当の天一をすする【高円寺編始動】SUSURU TV第68回,2016-01-12T09:45:13Z
pwNPTCxdfI4,店名が分からない,,東京都杉並区高円寺南4-25-4,【毎日ラーメン生活】肉玉そば おとど ご飯に合うラーメン1位をすする【ラーメンライス】SUSURU TV第67回,2016-01-11T10:12:24Z
NeXimbp6beo,店名が分からない,,神奈川県川崎市中原区木月4-5-20,【毎日ラーメン生活】豚星。 二郎インスパイア最強ラーメンをすする【二郎系トップクラス】SUSURU TV第66回,2016-01-10T11:25:36Z
FMZzbiyJ6ys,店名が分からない,,東京都中野区中野5-58-1,【毎日ラーメン生活】青葉 中野本店で一つの完成系ラーメンをすする【究極の中華そば】SUSURU TV第65回,2016-01-09T09:00:00Z
eEM3ASuBNSo,店名が分からない,,東京都中央区日本橋久松町2-8,【毎日ラーメン生活】大申 辛ウマ痺れ過ぎ坦々麺をどうにかすする【辛いラーメンの日】SUSURU TV第64回,2016-01-08T09:00:01Z
S8P62x11450,店名が分からない,,青森県弘前市土手町85-1,【毎日ラーメン生活】山田商店 これぞ青森の中華そばをすする【地方ラーメン】SUSURU TV第63回,2016-01-07T09:00:00Z
xPx1vX7mqjU,店名が分からない,,青森県青森市三好2-3-5,【毎日ラーメン生活】長尾中華そば 青森といったら煮干しラーメンをすする【青森実家編】SUSURU TV第62回,2016-01-06T09:09:25Z
7gKeqd9NHg4,店名が分からない,,青森県弘前市土手町49-1,【毎日ラーメン生活】中みそ 弘前市民の定番激甘味噌ラーメンをすする【青森上陸】SUSURU TV第61回,2016-01-05T09:00:00Z
0vAedavdO84,店名が分からない,,東京都大田区北千束3-29-11,【毎日ラーメン生活】凌駕 学生に人気のラーメンをすする【体重測定】SUSURU TV第60回,2016-01-04T09:00:00Z
RbDZIuvKGwo,店名が分からない,,東京都豊島区東池袋1-39-20,【毎日ラーメン生活】鶏の穴 とろみたっぷり鶏白湯をすする【鶏祭り】SUSURU TV第59回,2016-01-03T11:33:30Z
WLEJ07TnPfU,店の回ではなさそう,,,毎日ラーメン生活を送るユーチューバーが今年すすったラーメンを語る SUSURU TV第56.5回（大晦日特別編）,2015-12-31T09:00:01Z
AAqeLjIz3bk,店名が分からない,,東京都練馬区桜台1-5-11,【毎日ラーメン生活】らーめん破顔 感動の旨さ！汁なし麺をすする【まぜそば・油そば】SUSURU TV第55回,2015-12-30T09:00:01Z
5srHmNsM0aI,店名が分からない,,東京都練馬区平和台2-52-8,【毎日ラーメン生活】麺処いのこ いつも並んでる家系をすする【家系ラーメン】SUSURU TV第54回,2015-12-29T09:28:35Z
fg3zgYoWae8,店名が分からない,,神奈川県横浜市磯子区新杉田町3-5,【毎日ラーメン生活】杉田家 早朝5時からガッツリ家系をすする【早朝ラーメン】SUSURU TV第53回,2015-12-28T09:00:00Z
vUk_45NNPXE,店名が分からない,,東京都練馬区栄町21-3,【毎日ラーメン生活】五十三家 評価の高い家系ラーメンをすする【家系】SUSURU TV第52回,2015-12-27T10:21:50Z
2XlSnKwY90k,店名が分からない,,埼玉県所沢市旭町2-1,【毎日ラーメン生活】カッパハウス トマトラーメンをすする【トマトラーメン】SUSURU TV第51回,2015-12-26T09:00:00Z
j-HaSziItfo,店名が分からない,,東京都調布市仙川町1-10-17,【毎日ラーメン生活】念願の鍋二郎をすする！【ラーメン二郎 仙川店】SUSURU TV第50回,2015-12-25T09:53:19Z
bRNfqPkfhNY,店名が分からない,,東京都北区神谷3-29-11,【毎日ラーメン生活】ラーメン富士丸（Ramen Fujimaru)クリスマス気分で二郎系をすする【二郎インスパイア】SUSURU TV第49回,2015-12-24T11:16:15Z
xIbIlQc5F_g,店名が分からない,,東京都東村山市栄町2-7-29,【毎日ラーメン生活】麺蔵もみじ こんなに旨いとは…海老塩ラーメンをすする【あっさり】SUSURU TV第48回,2015-12-23T09:00:00Z
zX0C8kEzJRo,店名が分からない,,東京都新宿区北新宿1-4-1,【毎日ラーメン生活】もちもちの木 熱過ぎる出汁全開ラーメンをすする【熱湯注意】SUSURU TV第47回（再UP版）,2015-12-23T08:30:00Z
mCvEj-m0vX8,店名が分からない,,東京都新宿区北新宿1-4-1,【毎日ラーメン生活】もちもちの木 熱過ぎる出汁全開ラーメンをすする【熱湯注意】SUSURU TV第47回　OPカット,2015-12-22T09:00:01Z
PQHDDJdGklY,店名が分からない,,東京都中野区江古田4-5-1,【毎日ラーメン生活】無鉄砲　ドロドロ豚骨ラーメンをドロドロすする【豚骨の沼】SUSURU TV第46回,2015-12-21T09:00:00Z
DW2s2BluNHo,店名が分からない,,東京都千代田区丸の内1-9-1,【毎日ラーメン生活】ソラノイロ ニッポン　野菜で出来たベジソバをすする【東京ラーメンストリート】SUSURU TV第45回,2015-12-20T09:00:01Z
VCTQaxq-3n4,店名が分からない,,東京都千代田区丸の内1-9-1,【毎日ラーメン生活】㐂蔵（きぞう）　仙台牛タンネギ塩ラーメンとは【東京ラーメンストリート】SUSURU TV第44回,2015-12-19T09:00:00Z
61M6knjoaDQ,店名が分からない,,東京都中野区中野5-52-1,【毎日ラーメン生活】ほおずき　坦々麺で発汗！辛ウマ！【ラーメンダイエット】SUSURU TV第43回,2015-12-18T09:00:00Z
UGeRYlsSQ-U,店名が分からない,,東京都千代田区丸の内1-9-1,【毎日ラーメン生活】トナリ　タンメン野菜で健康！感謝【東京ラーメンストリート】SUSURU TV第42回,2015-12-17T09:00:01Z
T9zVb62rscE,店名が分からない,,東京都千代田区丸の内1-9-1,【毎日ラーメン生活】ちよがみ 中華そばの旨さ忘れてない？【東京ラーメンストリート】SUSURU TV第41回,2015-12-16T09:00:00Z
iNW7TPN_5ZE,店名が分からない,,東京都千代田区丸の内1-9-1,【毎日ラーメン生活】斑鳩 これが豚骨魚介ラーメンか！【東京ラーメンストリート】SUSURU TV第40回,2015-12-15T09:00:00Z
DobO0qYka-w,店名が分からない,,東京都千代田区丸の内1-9-1,【毎日ラーメン生活】俺式 純　替え玉が旨過ぎる豚骨ラーメン!?【東京ラーメンストリート】SUSURU TV第39回,2015-12-14T09:00:00Z
8JakTDKBiQ0,店名が分からない,,東京都千代田区丸の内1-9-1,【毎日ラーメン生活】ひるがお 癒され系塩ラーメン【東京ラーメンストリート】SUSURU TV第38回,2015-12-13T09:14:12Z
BtaKNqdgrkk,店名が分からない,,東京都千代田区丸の内1-9-1,【毎日ラーメン生活】六厘舎　王道つけ麺をすする【東京ラーメンストリート】SUSURU TV第37回,2015-12-12T09:11:18Z
VP_eRe1qfQc,店名が分からない,,東京都清瀬市松山1-4-3,【毎日ラーメン生活】蝦夷　カレーラーメンで心も身体も温まる【辛いラーメンday】SUSURU TV第36回,2015-12-11T09:00:01Z
IlKXZTIQYqc,店の回ではなさそう,,,【毎日ラーメン生活】鶏そばムタヒロ2号店であっさり【国分寺】SUSURU TV第35回,2015-12-10T09:00:00Z
7l_9ORfMqXw,店名が分からない,,東京都豊島区南長崎5-15-3,【毎日ラーメン生活】オリオン食堂 エンタメ満載つけ麺をすする【濃魚】,2015-12-09T09:00:01Z
8oM70VDg5Ns,店名が分からない,,神奈川県横浜市鶴見区生麦3-12-8,【毎日ラーメン生活】大黒家 本店 老舗の家系ラーメン【海苔】SUSURU TV第33回,2015-12-08T09:00:00Z
d--vpxVe4eY,店名が分からない,,東京都新宿区歌舞伎町2-36-3,ラーメン 麺匠「竹虎」歌舞伎町で人気のラーメンをすする【毎日ラーメン生活】【ホスト】SUSURU TV第32回,2015-12-07T09:00:00Z
ErEaBFsJyHY,店名が分からない,,東京都練馬区練馬1-29-16,ラーメンRamen ごっつ（GOTTSU）ビブグルマンが認めた味をすする！【毎日ラーメン生活】【ミシュラン】SUSURU TV第30回,2015-12-05T09:00:00Z
6U7WBjjQlOM,店名が分からない,,東京都千代田区鍛冶町2-10-9,ラーメン 鬼金棒　カラシビラーメンを初体験！【毎日ラーメン生活】【辛いものデー】SUSURU TV第29回,2015-12-04T09:02:43Z
JbE257sks3I,店名が分からない,,東京都練馬区南大泉3-31-21,ラーメン 野郎ラーメン保谷店　ぶっ飛んだ二郎系メガラーメン【毎日ラーメン生活】【二郎インスパイア】SUSURU TV第28回,2015-12-03T09:00:00Z
gjhnQF5pJpY,店名が分からない,,東京都中野区鷺ノ宮4-2-3,ラーメン すぎ本 完璧すぎるこだわり究極の醤油ラーメン【毎日ラーメン生活】【食べログ】SUSURU TV第27回,2015-12-02T09:00:00Z
q8ZvjSd-4VE,店名が分からない,,埼玉県川越市脇田町27-10,ラーメン 五葉　鶏豚白湯見事な融合をすする【毎日ラーメン生活】【家系】SUSURU TV第26回,2015-12-01T09:00:00Z
Uig28j0t3yM,店名が分からない,,東京都渋谷区渋谷3-7-2,ラーメン　すごい煮干しラーメン凪がすごい【毎日ラーメン生活】【煮干し】SUSURU TV第25回,2015-11-30T09:00:00Z
pTUyLzBavNI,店名が分からない,,千葉県船橋市前原西2-4-10,ラーメン 無限大 二郎系？チャッチャ系？とにかく脂をすする！【毎日ラーメン生活】【ラーメン二郎】SUSURU TV第24回,2015-11-29T09:00:00Z
u3mdm3ZBPLM,店名が分からない,,東京都新宿区歌舞伎町1-24-3,ラーメン 博多風龍 有名とんこつチェーンの全部のせをススル！【毎日ラーメン生活】【デフォ全盛り】SUSURU TV第23回,2015-11-28T09:00:00Z
DHkxIII7Bn4,店名が分からない,,東京都練馬区石神井町3-25-21,ラーメン 麺処「井の庄」カップ麺でも話題！辛辛魚ラーメン【毎日ラーメン生活】【辛デー】SUSURU TV第22回,2015-11-27T09:09:10Z
w0iVhFAFZQw,店名が分からない,,東京都新宿区馬場下町62,ラーメン「メルシー」地元に長年愛されたラーメンをすする【毎日ラーメン生活】【高田馬場】SUSURU TV第21回,2015-11-26T09:00:00Z
J6auYvzs1A0,店名が分からない,,東京都新宿区馬場下町62,ラーメン 武道家 家系ラーメン人気１位をすする【毎日ラーメン生活】【家系】SUSURU TV第20回,2015-11-25T09:00:00Z
HAkILM_zzkg,店名が分からない,,東京都新宿区高田馬場3-12-8,ラーメン 「羅偉伝」本格札幌みそラーメンをすする【毎日ラーメン生活】【黒烏龍茶】SUSURU TV第19回,2015-11-24T09:00:01Z
QmE63isPxuo,店名が分からない,,東京都新宿区西早稲田2-21-7,ラーメン v.s 台湾まぜそば 麺屋こころ をススル！【毎日ラーメン生活】【油そば】SUSURU TV第18回,2015-11-23T09:10:30Z
KtXJspg9HkA,店名が分からない,,東京都新宿区西早稲田2-21-6,ラーメン我羅奢　トッピング無料全MAX盛りをすする【毎日ラーメン生活】【大盛り】SUSURU TV第17回,2015-11-22T08:59:40Z
riMLq3M9In0,店名が分からない,,東京都新宿区高田馬場1-4-21,ラーメン 麺屋「宗」塩ラーメン１位をすする【毎日ラーメン生活】【ラーメンフェス】,2015-11-21T09:00:02Z
Zb6uOjU0HAQ,店名が分からない,,東京都新宿区高田馬場2-14-27,ラーメン 表裏 辛くて旨いラーメン名店をすする【毎日ラーメン生活】【高田馬場】SUSURU TV第15回,2015-11-20T09:00:00Z
tu1zcOeaBKI,店名が分からない,,東京都新宿区高田馬場2-16-4,ラーメン「やったる」トッピングをガチャで決める【毎日ラーメン】【大盛り大食い】SUSURU TV第14回,2015-11-19T09:00:02Z
Kfkk0oB3fmw,店名が分からない,,東京都新宿区高田馬場4-17-17,ラーメンRamen 鷹流 白鶏麺に惚れる【毎日ラーメン生活】【大盛り全部のせ】SUSURU TV第13回,2015-11-18T09:07:01Z
2rqH5uyZoLY,店名が分からない,,東京都新宿区高田馬場2-6-10,ラーメン　焼麺 劔(つるぎ)ベジポタ斬新ラーメン【毎日ラーメン生活】【 黒烏龍】SUSURU TV第12回,2015-11-17T09:14:44Z
IOyXflRmwPc,店名が分からない,,東京都新宿区高田馬場2-19-7,ラーメンv.sつけ麺 麺屋武蔵 鷹虎 全部のせ【毎日ラーメン生活】【大食い】SUSURU TV第11回,2015-11-16T09:13:36Z
pstvLJprp9Q,店の回ではなさそう,,,ラーメン渡なべ　隠れ家ラーメンをすする【毎日ラーメン生活】【ダイエット】SUSURU TV第10回,2015-11-15T09:28:01Z
apSgaVxPCBE,店の回ではなさそう,,,ラーメン 道玄チャーギュウ麺をすする【毎日ラーメン生活】【スイーツ大食い】SUSURU TV第9回,2015-11-14T09:08:54Z
4xI2MdlugUE,店の回ではなさそう,,,ラーメン鶏そば三歩一全部のせをすする！【毎日ラーメン生活】【濃厚あっさり】SUSURU TV第８回,2015-11-13T09:07:48Z
NW2XY3ftnR0,店の回ではなさそう,,,ラーメン 蒙古タンメン中本【毎日ラーメン生活】【ラーメン大好き小泉さん】SUSURU TV第7回,2015-11-12T09:22:30Z
QfAq7Wk6fos,店の回ではなさそう,,,ポッキー＆プリッツの日特典映像　SUSURUならラーメンのようにすすれるのか!?,2015-11-11T11:07:42Z
d6cupj5rya8,店の回ではなさそう,,,ラーメン俺の空　豚そば全部盛りをすする【毎日ラーメン生活】【黒烏龍茶】SUSURU TV第6回,2015-11-11T09:15:15Z
1MXuNdOeOIc,店の回ではなさそう,,,ラーメン末廣アツアツ全部のせ【毎日ラーメン生活】【大食い】SUSURU TV第5回,2015-11-10T09:52:56Z
SbNQrP31ok0,店の回ではなさそう,,,ラーメン用心棒Ⅱ階！二郎系をすする【毎日ラーメン生活】【早稲田祭】SUSURU TV第4回,2015-11-09T09:05:14Z
Yz5XV48OVIo,店の回ではなさそう,,,野方ホープ こてこて全部載せをすする！【毎日ラーメン生活】SUSURU TV第3回,2015-11-08T09:10:24Z
Fv5NJETqXpY,店の回ではなさそう,,,ラーメン高田馬場食べログ１位とは？【毎日ラーメン生活】SUSURU TV第２回,2015-11-07T09:18:19Z
IekuKhvU9Vs,店の回ではなさそう,,,ラーメン天下一品全部載せ！【毎日ラーメン生活1日目】SUSURU TV第1回,2015-11-06T08:56:38Z
-d8K7yNM0wU,店の回ではなさそう,,,SUSURU TV.第0回放送　衝撃の展開！！！,2015-11-05T11:47:08Z
